tournament,full_tournament_name,source_file,event,gender,stage,date,rank,bib,name,noc,series_1,series_2,series_3,series_4,series_5,series_6,total,qualified,remarks
European Championship,European Championship - 10m 2025,10mAR_MW_ECH-10m-Osijek-2025.pdf,10m Air Rifle,Men,Qualification,Unknown,1,1420,MARSOV Ilia,AIN,105.7,106.0,105.3,105.4,104.8,105.6,632.8,True,Q
European Championship,European Championship - 10m 2025,10mAR_MW_ECH-10m-Osijek-2025.pdf,10m Air Rifle,Men,Qualification,Unknown,2,1296,ARMIRAGLIO Riccardo,ITA,105.0,105.7,106.3,105.0,105.0,104.2,631.2,False,RPO
European Championship,European Championship - 10m 2025,10mAR_MW_ECH-10m-Osijek-2025.pdf,10m Air Rifle,Men,Qualification,Unknown,3,1116,GORSA Petar,CRO,104.6,104.4,105.8,104.8,105.8,105.3,630.7,True,Q
European Championship,European Championship - 10m 2025,10mAR_MW_ECH-10m-Osijek-2025.pdf,10m Air Rifle,Men,Qualification,Unknown,4,1117,MARICIC Miran,CRO,104.4,104.7,105.3,106.0,105.2,105.1,630.7,True,Q
European Championship,European Championship - 10m 2025,10mAR_MW_ECH-10m-Osijek-2025.pdf,10m Air Rifle,Men,Qualification,Unknown,5,1489,LINDGREN Victor,SWE,104.4,105.2,104.5,106.3,105.6,104.5,630.5,True,Q
European Championship,European Championship - 10m 2025,10mAR_MW_ECH-10m-Osijek-2025.pdf,10m Air Rifle,Men,Qualification,Unknown,6,1526,KULISH Serhii,UKR,104.5,103.9,105.5,105.7,104.9,105.9,630.4,True,Q
European Championship,European Championship - 10m 2025,10mAR_MW_ECH-10m-Osijek-2025.pdf,10m Air Rifle,Men,Qualification,Unknown,7,1141,NEPEJCHAL Filip,CZE,104.9,104.6,105.8,105.7,105.1,104.3,630.4,True,Q
European Championship,European Championship - 10m 2025,10mAR_MW_ECH-10m-Osijek-2025.pdf,10m Air Rifle,Men,Qualification,Unknown,8,1139,ENTRICHEL Ales,CZE,104.8,105.8,104.3,105.1,105.8,104.4,630.2,True,Q
European Championship,European Championship - 10m 2025,10mAR_MW_ECH-10m-Osijek-2025.pdf,10m Air Rifle,Men,Qualification,Unknown,9,1193,KRYZS Lucas Bernard Denis,FRA,105.6,104.3,106.0,105.1,104.5,104.6,630.1,True,Q
European Championship,European Championship - 10m 2025,10mAR_MW_ECH-10m-Osijek-2025.pdf,10m Air Rifle,Men,Qualification,Unknown,10,1258,PENI Istvan Marton,HUN,105.3,105.4,104.8,106.1,104.8,103.3,629.7,False,
European Championship,European Championship - 10m 2025,10mAR_MW_ECH-10m-Osijek-2025.pdf,10m Air Rifle,Men,Qualification,Unknown,11,1145,TICHY Radek,CZE,105.4,104.2,106.1,105.2,104.6,104.1,629.6,False,RPO
European Championship,European Championship - 10m 2025,10mAR_MW_ECH-10m-Osijek-2025.pdf,10m Air Rifle,Men,Qualification,Unknown,12,1142,PRIVRATSKY Jiri,CZE,106.2,104.4,105.0,104.5,104.3,105.1,629.5,False,
European Championship,European Championship - 10m 2025,10mAR_MW_ECH-10m-Osijek-2025.pdf,10m Air Rifle,Men,Qualification,Unknown,13,1179,LEPPA Aleksi,FIN,104.4,104.9,105.1,106.0,104.2,104.9,629.5,False,
European Championship,European Championship - 10m 2025,10mAR_MW_ECH-10m-Osijek-2025.pdf,10m Air Rifle,Men,Qualification,Unknown,14,1432,KOVACEVIC Lazar,SRB,105.3,104.2,104.2,105.2,106.6,103.8,629.3,False,
European Championship,European Championship - 10m 2025,10mAR_MW_ECH-10m-Osijek-2025.pdf,10m Air Rifle,Men,Qualification,Unknown,15,1506,NALBANT Mert,TUR,105.2,104.4,104.6,106.2,105.6,103.3,629.3,False,
European Championship,European Championship - 10m 2025,10mAR_MW_ECH-10m-Osijek-2025.pdf,10m Air Rifle,Men,Qualification,Unknown,16,1226,DALLINGER Maximilian,GER,105.3,105.5,105.4,103.9,104.6,104.3,629.0,False,
European Championship,European Championship - 10m 2025,10mAR_MW_ECH-10m-Osijek-2025.pdf,10m Air Rifle,Men,Qualification,Unknown,17,1490,MADSEN Marcus,SWE,104.1,105.5,106.4,102.7,104.0,106.2,628.9,False,
European Championship,European Championship - 10m 2025,10mAR_MW_ECH-10m-Osijek-2025.pdf,10m Air Rifle,Men,Qualification,Unknown,18,1122,TOMASEVIC Darko,CRO,105.5,105.4,104.7,104.3,104.3,104.7,628.9,False,RPO
European Championship,European Championship - 10m 2025,10mAR_MW_ECH-10m-Osijek-2025.pdf,10m Air Rifle,Men,Qualification,Unknown,19,1024,DIEM Patrick,AUT,105.6,105.0,104.7,103.5,105.4,104.5,628.7,False,
European Championship,European Championship - 10m 2025,10mAR_MW_ECH-10m-Osijek-2025.pdf,10m Air Rifle,Men,Qualification,Unknown,20,1231,ULBRICH Maximilian,GER,105.4,103.8,104.1,105.7,103.9,105.7,628.6,False,
European Championship,European Championship - 10m 2025,10mAR_MW_ECH-10m-Osijek-2025.pdf,10m Air Rifle,Men,Qualification,Unknown,21,1433,RAKONJAC Aleksa,SRB,103.5,104.7,104.6,105.8,104.6,105.4,628.6,False,
European Championship,European Championship - 10m 2025,10mAR_MW_ECH-10m-Osijek-2025.pdf,10m Air Rifle,Men,Qualification,Unknown,22,1298,BONAZZI Edoardo,ITA,105.1,105.6,103.9,105.3,105.3,103.4,628.6,False,
European Championship,European Championship - 10m 2025,10mAR_MW_ECH-10m-Osijek-2025.pdf,10m Air Rifle,Men,Qualification,Unknown,23,1474,JANY Patrik,SVK,106.4,105.3,103.7,104.8,105.2,103.2,628.6,False,
European Championship,European Championship - 10m 2025,10mAR_MW_ECH-10m-Osijek-2025.pdf,10m Air Rifle,Men,Qualification,Unknown,24,1028,STREMPFL Martin,AUT,104.1,104.4,104.7,105.3,104.1,105.8,628.4,False,
European Championship,European Championship - 10m 2025,10mAR_MW_ECH-10m-Osijek-2025.pdf,10m Air Rifle,Men,Qualification,Unknown,25,1302,SOLLAZZO Danilo Dennis,ITA,105.6,102.8,104.8,105.7,103.7,105.8,628.4,False,
European Championship,European Championship - 10m 2025,10mAR_MW_ECH-10m-Osijek-2025.pdf,10m Air Rifle,Men,Qualification,Unknown,26,1269,SIDI Peter,ROU,103.7,105.6,104.7,105.6,103.6,105.1,628.3,False,
European Championship,European Championship - 10m 2025,10mAR_MW_ECH-10m-Osijek-2025.pdf,10m Air Rifle,Men,Qualification,Unknown,27,1376,LARSEN Henrik,NOR,104.4,104.1,105.4,105.6,105.3,103.5,628.3,False,
European Championship,European Championship - 10m 2025,10mAR_MW_ECH-10m-Osijek-2025.pdf,10m Air Rifle,Men,Qualification,Unknown,68,1491,SAHLIN Erik Ola Bjoern,SWE,103.2,103.5,105.2,103.1,102.4,104.3,621.7,False,
European Championship,European Championship - 10m 2025,10mAR_MW_ECH-10m-Osijek-2025.pdf,10m Air Rifle,Men,Qualification,Unknown,69,1229,KOENDERS David,GER,104.4,103.8,102.5,103.1,104.2,103.7,621.7,False,
European Championship,European Championship - 10m 2025,10mAR_MW_ECH-10m-Osijek-2025.pdf,10m Air Rifle,Men,Qualification,Unknown,70,1402,CAZASSA Marcelo,POR,102.9,102.6,104.9,104.7,104.2,102.1,621.4,False,
European Championship,European Championship - 10m 2025,10mAR_MW_ECH-10m-Osijek-2025.pdf,10m Air Rifle,Men,Qualification,Unknown,71,1330,GIRULIS Karolis,LTU,104.0,102.0,104.0,105.0,102.8,103.4,621.2,False,
European Championship,European Championship - 10m 2025,10mAR_MW_ECH-10m-Osijek-2025.pdf,10m Air Rifle,Men,Qualification,Unknown,72,1025,EINWALLER Dominic,AUT,105.1,103.9,102.6,104.1,102.2,103.2,621.1,False,RPO
European Championship,European Championship - 10m 2025,10mAR_MW_ECH-10m-Osijek-2025.pdf,10m Air Rifle,Men,Qualification,Unknown,73,1346,ANGELESKI Martin,MKD,104.0,103.7,103.5,103.7,103.2,102.9,621.0,False,
European Championship,European Championship - 10m 2025,10mAR_MW_ECH-10m-Osijek-2025.pdf,10m Air Rifle,Men,Qualification,Unknown,74,1360,BOZOVIC Milos,MNE,103.3,104.1,103.7,104.2,104.6,100.8,620.7,False,
European Championship,European Championship - 10m 2025,10mAR_MW_ECH-10m-Osijek-2025.pdf,10m Air Rifle,Men,Qualification,Unknown,75,1477,PAVLIK Adrian,SVK,102.5,103.2,102.3,102.8,101.3,102.9,615.0,False,RPO
European Championship,European Championship - 10m 2025,10mAR_MW_ECH-10m-Osijek-2025.pdf,10m Air Rifle,Men,Qualification,Unknown,76,1310,IBRAHIMI Drilon,KOS,101.5,102.1,103.6,102.0,103.3,102.5,615.0,False,
European Championship,European Championship - 10m 2025,10mAR_MW_ECH-10m-Osijek-2025.pdf,10m Air Rifle,Men,Qualification,Unknown,77,1075,RASIC Matej,BIH,102.4,101.8,104.2,101.3,102.9,102.3,614.9,False,
European Championship,European Championship - 10m 2025,10mAR_MW_ECH-10m-Osijek-2025.pdf,10m Air Rifle,Men,Qualification,Unknown,78,1070,DZANKOVIC Nedzad,BIH,104.4,101.8,104.2,101.4,101.1,101.0,613.9,False,
European Championship,European Championship - 10m 2025,10mAR_MW_ECH-10m-Osijek-2025.pdf,10m Air Rifle,Men,Qualification,Unknown,79,1309,ABDYLI Petrit,KOS,103.7,99.2,99.9,101.0,102.2,102.5,608.5,False,
European Championship,European Championship - 10m 2025,10mAR_MW_ECH-10m-Osijek-2025.pdf,10m Air Rifle,Men,Qualification,Unknown,80,1311,RACI Ndricim,KOS,101.8,101.4,101.2,102.2,100.5,101.3,608.4,False,
European Championship,European Championship - 10m 2025,10mAR_MW_ECH-10m-Osijek-2025.pdf,10m Air Rifle,Men,Qualification,Unknown,81,1073,MIMIC Abdullah,BIH,100.6,99.3,101.4,102.9,103.8,97.9,605.9,False,
European Championship,European Championship - 10m 2025,10mAR_MW_ECH-10m-Osijek-2025.pdf,10m Air Rifle,Men,Qualification,Unknown,82,1045,HUSEYNOV Alimammad,AZE,98.7,101.5,99.9,101.6,101.8,101.5,605.0,False,
European Championship,European Championship - 10m 2025,10mAR_MW_ECH-10m-Osijek-2025.pdf,10m Air Rifle,Men,Qualification,Unknown,83,1347,KUDRANOVIKJ Dragoslav,MKD,102.7,99.6,99.8,100.7,101.3,100.9,605.0,False,
European Championship,European Championship - 10m 2025,10mAR_MW_ECH-10m-Osijek-2025.pdf,10m Air Rifle,Women,Qualification,Unknown,1,1368,DUESTAD Jeanette Hegg,NOR,106.6,105.4,106.1,106.3,105.1,106.5,636.0,True,Q
European Championship,European Championship - 10m 2025,10mAR_MW_ECH-10m-Osijek-2025.pdf,10m Air Rifle,Women,Qualification,Unknown,2,1428,HAVRAN Aleksandra,SRB,106.0,105.3,105.8,105.3,105.6,105.4,633.4,True,Q
European Championship,European Championship - 10m 2025,10mAR_MW_ECH-10m-Osijek-2025.pdf,10m Air Rifle,Women,Qualification,Unknown,3,1247,DENES Eszter,HUN,105.0,105.2,105.4,106.0,105.6,105.9,633.1,True,Q
European Championship,European Championship - 10m 2025,10mAR_MW_ECH-10m-Osijek-2025.pdf,10m Air Rifle,Women,Qualification,Unknown,4,1272,ILIE Laura-Georgeta,ROU,105.6,105.4,105.2,104.9,105.6,106.2,632.9,True,Q
European Championship,European Championship - 10m 2025,10mAR_MW_ECH-10m-Osijek-2025.pdf,10m Air Rifle,Women,Qualification,Unknown,5,1499,KOSE Damla,TUR,104.6,104.9,106.1,104.8,106.3,105.1,631.8,True,Q
European Championship,European Championship - 10m 2025,10mAR_MW_ECH-10m-Osijek-2025.pdf,10m Air Rifle,Women,Qualification,Unknown,6,1387,PIOTROWSKA Julia Ewa,POL,105.7,105.1,104.6,105.6,105.5,105.1,631.6,True,Q
European Championship,European Championship - 10m 2025,10mAR_MW_ECH-10m-Osijek-2025.pdf,10m Air Rifle,Women,Qualification,Unknown,7,1188,MULLER Oceanne,FRA,105.4,105.2,104.1,106.4,105.2,104.9,631.2,True,Q
European Championship,European Championship - 10m 2025,10mAR_MW_ECH-10m-Osijek-2025.pdf,10m Air Rifle,Women,Qualification,Unknown,8,1456,GOGNIAT Audrey,SUI,105.9,104.8,105.4,105.1,104.8,104.8,630.8,True,Q
European Championship,European Championship - 10m 2025,10mAR_MW_ECH-10m-Osijek-2025.pdf,10m Air Rifle,Women,Qualification,Unknown,9,1370,LOEVSETH Mari Baardseng,NOR,104.5,104.6,105.6,104.6,106.1,105.1,630.5,False,
European Championship,European Championship - 10m 2025,10mAR_MW_ECH-10m-Osijek-2025.pdf,10m Air Rifle,Women,Qualification,Unknown,10,1369,EVENSEN Amalie,NOR,105.4,105.1,104.6,106.0,104.7,104.6,630.4,False,
European Championship,European Championship - 10m 2025,10mAR_MW_ECH-10m-Osijek-2025.pdf,10m Air Rifle,Women,Qualification,Unknown,11,1114,TURK Anamarija,CRO,105.4,104.7,104.4,105.0,105.6,104.8,629.9,False,
European Championship,European Championship - 10m 2025,10mAR_MW_ECH-10m-Osijek-2025.pdf,10m Air Rifle,Women,Qualification,Unknown,12,1287,TASHTCHIEV Olga,ISR,105.5,105.9,104.6,102.7,104.4,105.8,628.9,False,
European Championship,European Championship - 10m 2025,10mAR_MW_ECH-10m-Osijek-2025.pdf,10m Air Rifle,Women,Qualification,Unknown,13,1414,OSMANOVA Anzhelika,AIN,104.9,104.9,104.9,105.0,103.6,105.6,628.9,False,
European Championship,European Championship - 10m 2025,10mAR_MW_ECH-10m-Osijek-2025.pdf,10m Air Rifle,Women,Qualification,Unknown,14,1068,ONESCUK Farah,BIH,105.1,104.0,105.6,104.9,104.4,104.7,628.7,False,
European Championship,European Championship - 10m 2025,10mAR_MW_ECH-10m-Osijek-2025.pdf,10m Air Rifle,Women,Qualification,Unknown,15,1130,BLAZICKOVA Veronika,CZE,105.0,104.1,105.0,106.1,103.8,104.7,628.7,False,
European Championship,European Championship - 10m 2025,10mAR_MW_ECH-10m-Osijek-2025.pdf,10m Air Rifle,Women,Qualification,Unknown,16,1486,KARLSSON Amanda Josefine,SWE,104.7,106.1,104.6,104.4,104.6,104.2,628.6,False,
European Championship,European Championship - 10m 2025,10mAR_MW_ECH-10m-Osijek-2025.pdf,10m Air Rifle,Women,Qualification,Unknown,17,1220,BUEHLMEYER Hanna,GER,103.9,104.7,102.8,105.3,105.8,105.9,628.4,False,
European Championship,European Championship - 10m 2025,10mAR_MW_ECH-10m-Osijek-2025.pdf,10m Air Rifle,Women,Qualification,Unknown,18,1410,BULATOVA Vitaliia,AIN,103.5,105.0,105.8,104.5,103.9,105.6,628.3,False,
European Championship,European Championship - 10m 2025,10mAR_MW_ECH-10m-Osijek-2025.pdf,10m Air Rifle,Women,Qualification,Unknown,19,1137,ZRUSTOVA Adela,CZE,105.2,104.3,104.4,104.5,105.2,104.7,628.3,False,RPO
European Championship,European Championship - 10m 2025,10mAR_MW_ECH-10m-Osijek-2025.pdf,10m Air Rifle,Women,Qualification,Unknown,20,1019,HOFMANN Olivia,AUT,104.3,104.4,104.6,104.7,104.8,105.4,628.2,False,
European Championship,European Championship - 10m 2025,10mAR_MW_ECH-10m-Osijek-2025.pdf,10m Air Rifle,Women,Qualification,Unknown,21,1151,IBSEN Rikke Maeng,DEN,104.5,105.5,104.8,105.7,103.8,103.9,628.2,False,
European Championship,European Championship - 10m 2025,10mAR_MW_ECH-10m-Osijek-2025.pdf,10m Air Rifle,Women,Qualification,Unknown,22,1383,DUDEK Izabella Kinga,POL,104.2,105.4,105.5,104.8,104.1,104.1,628.1,False,
European Championship,European Championship - 10m 2025,10mAR_MW_ECH-10m-Osijek-2025.pdf,10m Air Rifle,Women,Qualification,Unknown,23,1132,KATZ Klaudie,CZE,103.1,106.4,105.5,104.7,105.7,102.7,628.1,False,RPO
European Championship,European Championship - 10m 2025,10mAR_MW_ECH-10m-Osijek-2025.pdf,10m Air Rifle,Women,Qualification,Unknown,24,1178,PALO Marianne,FIN,103.1,104.0,105.4,104.8,106.3,104.2,627.8,False,
European Championship,European Championship - 10m 2025,10mAR_MW_ECH-10m-Osijek-2025.pdf,10m Air Rifle,Women,Qualification,Unknown,25,1294,CECCARELLO Sofia,ITA,104.9,104.2,103.6,104.5,105.2,105.0,627.4,False,
European Championship,European Championship - 10m 2025,10mAR_MW_ECH-10m-Osijek-2025.pdf,10m Air Rifle,Women,Qualification,Unknown,26,1020,KITZBICHLER Jasmin,AUT,102.5,105.3,105.8,104.7,105.5,103.4,627.2,False,RPO
European Championship,European Championship - 10m 2025,10mAR_MW_ECH-10m-Osijek-2025.pdf,10m Air Rifle,Women,Qualification,Unknown,27,1251,NAGYBANYAI-NAGY Anna,HUN,103.3,105.0,104.3,103.6,105.6,105.3,627.1,False,RPO
Asian Championship,Asian Championship - Shymkent 2025,10mAR_MW_ASC-Shymkent-2025.pdf,10m Air Rifle,Men,Qualification,Unknown,1,1239,PATIL Rudrankksh Balasaheb,IND,105.9,104.9,106.4,104.7,104.5,105.9,632.3,True,Q
Asian Championship,Asian Championship - Shymkent 2025,10mAR_MW_ASC-Shymkent-2025.pdf,10m Air Rifle,Men,Qualification,Unknown,2,1058,LI Xianhao,CHN,105.0,105.2,105.7,105.5,105.2,105.7,632.3,True,Q
Asian Championship,Asian Championship - Shymkent 2025,10mAR_MW_ASC-Shymkent-2025.pdf,10m Air Rifle,Men,Qualification,Unknown,3,1443,SATPAYEV Islam,KAZ,104.0,105.5,105.3,105.6,105.2,106.1,631.7,True,Q
Asian Championship,Asian Championship - Shymkent 2025,10mAR_MW_ASC-Shymkent-2025.pdf,10m Air Rifle,Men,Qualification,Unknown,4,1188,BABUTA Arjun,IND,105.8,105.7,105.3,104.7,105.9,104.2,631.6,True,Q
Asian Championship,Asian Championship - Shymkent 2025,10mAR_MW_ASC-Shymkent-2025.pdf,10m Air Rifle,Men,Qualification,Unknown,5,1311,NEKOUNAM Amirmohammad,IRI,105.3,105.0,106.0,104.7,104.4,105.0,630.4,True,Q
Asian Championship,Asian Championship - Shymkent 2025,10mAR_MW_ASC-Shymkent-2025.pdf,10m Air Rifle,Men,Qualification,Unknown,6,1544,PARK Hajun,KOR,104.3,105.2,104.5,105.7,105.1,105.5,630.3,True,Q
Asian Championship,Asian Championship - Shymkent 2025,10mAR_MW_ASC-Shymkent-2025.pdf,10m Air Rifle,Men,Qualification,Unknown,7,1328,OKADA Naoya,JPN,104.0,105.6,105.4,104.4,104.3,105.9,629.6,True,Q
Asian Championship,Asian Championship - Shymkent 2025,10mAR_MW_ASC-Shymkent-2025.pdf,10m Air Rifle,Men,Qualification,Unknown,8,1061,LU Dingke,CHN,104.5,104.2,105.4,105.6,103.9,105.9,629.5,True,Q
Asian Championship,Asian Championship - Shymkent 2025,10mAR_MW_ASC-Shymkent-2025.pdf,10m Air Rifle,Men,Qualification,Unknown,9,1536,LEE Junhwan,KOR,104.5,103.9,104.2,105.6,105.6,104.8,628.6,False,
Asian Championship,Asian Championship - Shymkent 2025,10mAR_MW_ASC-Shymkent-2025.pdf,10m Air Rifle,Men,Qualification,Unknown,10,1212,JADHAV Kiran Ankush,IND,105.2,104.7,104.8,105.1,104.3,104.5,628.6,False,
Asian Championship,Asian Championship - Shymkent 2025,10mAR_MW_ASC-Shymkent-2025.pdf,10m Air Rifle,Men,Qualification,Unknown,11,1523,KIM Junghyun,KOR,103.0,104.2,104.8,104.8,105.5,106.0,628.3,False,RPO
Asian Championship,Asian Championship - Shymkent 2025,10mAR_MW_ASC-Shymkent-2025.pdf,10m Air Rifle,Men,Qualification,Unknown,12,1229,MANE Parth Rakesh,IND,103.5,105.5,104.2,105.0,105.9,104.1,628.2,False,RPO
Asian Championship,Asian Championship - Shymkent 2025,10mAR_MW_ASC-Shymkent-2025.pdf,10m Air Rifle,Men,Qualification,Unknown,13,1065,WANG Honghao,CHN,105.5,105.6,104.5,104.1,103.2,104.5,627.4,False,
Asian Championship,Asian Championship - Shymkent 2025,10mAR_MW_ASC-Shymkent-2025.pdf,10m Air Rifle,Men,Qualification,Unknown,14,1234,MORADIYA Smit,IND,105.1,103.7,102.7,105.5,104.5,105.7,627.2,False,RPO
Asian Championship,Asian Championship - Shymkent 2025,10mAR_MW_ASC-Shymkent-2025.pdf,10m Air Rifle,Men,Qualification,Unknown,15,1667,NYANTAI Bayaraa,MGL,104.9,105.6,105.0,103.4,103.7,104.2,626.8,False,
Asian Championship,Asian Championship - Shymkent 2025,10mAR_MW_ASC-Shymkent-2025.pdf,10m Air Rifle,Men,Qualification,Unknown,16,1547,SEO Junwon,KOR,104.5,104.9,104.2,104.3,104.8,104.1,626.8,False,
Asian Championship,Asian Championship - Shymkent 2025,10mAR_MW_ASC-Shymkent-2025.pdf,10m Air Rifle,Men,Qualification,Unknown,17,1306,GHAREBAGHI Hadi,IRI,103.7,104.8,104.1,104.6,105.8,103.7,626.7,False,
Asian Championship,Asian Championship - Shymkent 2025,10mAR_MW_ASC-Shymkent-2025.pdf,10m Air Rifle,Men,Qualification,Unknown,18,1312,NOROUZIYAN Pourya,IRI,104.1,104.6,103.8,104.4,104.9,104.4,626.2,False,
Asian Championship,Asian Championship - Shymkent 2025,10mAR_MW_ASC-Shymkent-2025.pdf,10m Air Rifle,Men,Qualification,Unknown,19,1325,HANAKAWA Naoki,JPN,105.2,103.6,104.0,104.4,105.8,103.2,626.2,False,
Asian Championship,Asian Championship - Shymkent 2025,10mAR_MW_ASC-Shymkent-2025.pdf,10m Air Rifle,Men,Qualification,Unknown,20,1429,MALINOVSKIY Konstantin,KAZ,104.6,104.0,104.4,104.2,102.9,105.2,625.3,False,
Asian Championship,Asian Championship - Shymkent 2025,10mAR_MW_ASC-Shymkent-2025.pdf,10m Air Rifle,Men,Qualification,Unknown,21,1103,IZZUDDIN Afif,INA,103.7,105.3,104.6,104.6,103.5,103.6,625.3,False,
Asian Championship,Asian Championship - Shymkent 2025,10mAR_MW_ASC-Shymkent-2025.pdf,10m Air Rifle,Men,Qualification,Unknown,22,1640,HESSLY HAFIZ Haritz Iklil Bin,MAS,102.5,104.4,103.8,104.9,105.6,103.4,624.6,False,
Asian Championship,Asian Championship - Shymkent 2025,10mAR_MW_ASC-Shymkent-2025.pdf,10m Air Rifle,Men,Qualification,Unknown,23,1558,ALAMMARI Mesfer Aboud S,KSA,104.7,103.4,103.9,103.2,104.7,104.6,624.5,False,
Asian Championship,Asian Championship - Shymkent 2025,10mAR_MW_ASC-Shymkent-2025.pdf,10m Air Rifle,Men,Qualification,Unknown,24,1808,SUNG Chia-Yen,TPE,103.1,104.8,104.3,103.9,104.0,103.8,623.9,False,
Asian Championship,Asian Championship - Shymkent 2025,10mAR_MW_ASC-Shymkent-2025.pdf,10m Air Rifle,Men,Qualification,Unknown,25,1879,NGUYEN Tam Quang,VIE,103.5,104.3,103.6,104.6,103.9,103.5,623.4,False,
Asian Championship,Asian Championship - Shymkent 2025,10mAR_MW_ASC-Shymkent-2025.pdf,10m Air Rifle,Men,Qualification,Unknown,26,1456,YURKOV Yuriy,KAZ,103.6,103.0,104.3,103.4,105.5,103.2,623.0,False,RPO
Asian Championship,Asian Championship - Shymkent 2025,10mAR_MW_ASC-Shymkent-2025.pdf,10m Air Rifle,Men,Qualification,Unknown,27,1102,GUSTAFIAN Fathur,INA,104.8,103.0,103.6,104.1,103.2,104.2,622.9,False,
Asian Championship,Asian Championship - Shymkent 2025,10mAR_MW_ASC-Shymkent-2025.pdf,10m Air Rifle,Men,Qualification,Unknown,28,1850,MIRZAJONOV Sukhrobjon,UZB,103.4,103.6,104.4,104.7,105.4,101.3,622.8,False,
Asian Championship,Asian Championship - Shymkent 2025,10mAR_MW_ASC-Shymkent-2025.pdf,10m Air Rifle,Men,Qualification,Unknown,29,1329,OSHIO Hayato,JPN,104.7,102.1,105.5,103.9,103.4,103.0,622.6,False,
Asian Championship,Asian Championship - Shymkent 2025,10mAR_MW_ASC-Shymkent-2025.pdf,10m Air Rifle,Men,Qualification,Unknown,30,1445,SHAKHTORIN Nikita,KAZ,104.0,103.5,103.1,104.5,102.8,104.4,622.3,False,
Asian Championship,Asian Championship - Shymkent 2025,10mAR_MW_ASC-Shymkent-2025.pdf,10m Air Rifle,Men,Qualification,Unknown,31,1826,ALYAMMAHI Salem,UAE,103.4,103.5,103.5,103.1,104.1,104.4,622.0,False,
Asian Championship,Asian Championship - Shymkent 2025,10mAR_MW_ASC-Shymkent-2025.pdf,10m Air Rifle,Men,Qualification,Unknown,32,1019,ALDOSERI Khalid Mohamed,BRN,103.9,101.7,103.6,104.1,103.8,103.0,620.1,False,
Asian Championship,Asian Championship - Shymkent 2025,10mAR_MW_ASC-Shymkent-2025.pdf,10m Air Rifle,Men,Qualification,Unknown,33,1457,ZAGITOV Ruslan,KAZ,105.1,103.3,102.6,102.2,103.8,102.8,619.8,False,RPO
Asian Championship,Asian Championship - Shymkent 2025,10mAR_MW_ASC-Shymkent-2025.pdf,10m Air Rifle,Men,Qualification,Unknown,34,1603,ALMUTAIRI Ali,KUW,102.3,102.3,104.4,103.2,103.1,103.8,619.1,False,
Asian Championship,Asian Championship - Shymkent 2025,10mAR_MW_ASC-Shymkent-2025.pdf,10m Air Rifle,Men,Qualification,Unknown,35,1565,ALHARBI Hussain Ghuwayli,KSA,101.9,102.3,102.2,105.1,103.5,103.6,618.6,False,
Asian Championship,Asian Championship - Shymkent 2025,10mAR_MW_ASC-Shymkent-2025.pdf,10m Air Rifle,Men,Qualification,Unknown,36,1685,AL NAABI Salim Ali,OMA,102.4,102.9,101.3,103.7,103.2,105.0,618.5,False,
Asian Championship,Asian Championship - Shymkent 2025,10mAR_MW_ASC-Shymkent-2025.pdf,10m Air Rifle,Men,Qualification,Unknown,37,1701,KHAN Sulaiman,PAK,102.6,103.4,101.9,102.6,103.1,104.4,618.0,False,
Asian Championship,Asian Championship - Shymkent 2025,10mAR_MW_ASC-Shymkent-2025.pdf,10m Air Rifle,Men,Qualification,Unknown,38,1679,AL BALUSHI Issam,OMA,103.5,101.6,103.9,102.8,103.6,102.5,617.9,False,
Asian Championship,Asian Championship - Shymkent 2025,10mAR_MW_ASC-Shymkent-2025.pdf,10m Air Rifle,Men,Qualification,Unknown,39,1823,ALI Ibrahim,UAE,104.6,103.5,104.3,101.0,102.2,102.1,617.7,False,
Asian Championship,Asian Championship - Shymkent 2025,10mAR_MW_ASC-Shymkent-2025.pdf,10m Air Rifle,Men,Qualification,Unknown,40,1017,ABDULJABBAR Husain,BRN,101.9,104.2,103.1,103.7,101.0,103.6,617.5,False,
Asian Championship,Asian Championship - Shymkent 2025,10mAR_MW_ASC-Shymkent-2025.pdf,10m Air Rifle,Men,Qualification,Unknown,41,1570,ALOTIBI Bader,KSA,102.0,101.2,102.0,103.9,102.9,101.4,613.4,False,
Asian Championship,Asian Championship - Shymkent 2025,10mAR_MW_ASC-Shymkent-2025.pdf,10m Air Rifle,Men,Qualification,Unknown,42,1665,ENKHTUVSHIN Sainkhuu,MGL,101.8,102.5,102.5,100.5,103.1,102.7,613.1,False,
Asian Championship,Asian Championship - Shymkent 2025,10mAR_MW_ASC-Shymkent-2025.pdf,10m Air Rifle,Men,Qualification,Unknown,43,1597,ALHARBI Abdullah,KUW,102.1,101.9,100.5,102.5,101.9,103.2,612.1,False,
Asian Championship,Asian Championship - Shymkent 2025,10mAR_MW_ASC-Shymkent-2025.pdf,10m Air Rifle,Men,Qualification,Unknown,44,1682,AL KHATRI Hamed Said,OMA,102.8,101.6,100.1,103.1,102.3,101.8,611.7,False,
Asian Championship,Asian Championship - Shymkent 2025,10mAR_MW_ASC-Shymkent-2025.pdf,10m Air Rifle,Men,Qualification,Unknown,45,1662,DELGERMAA Lkhagvasuren,MGL,100.8,101.3,102.0,100.3,102.7,102.4,609.5,False,
Asian Championship,Asian Championship - Shymkent 2025,10mAR_MW_ASC-Shymkent-2025.pdf,10m Air Rifle,Men,Qualification,Unknown,46,1023,HAJI Mahmood,BRN,103.4,100.2,99.8,100.4,101.9,101.7,607.4,False,
Asian Championship,Asian Championship - Shymkent 2025,10mAR_MW_ASC-Shymkent-2025.pdf,10m Air Rifle,Men,Qualification,Unknown,47,1557,ALAJMI Fahad Nasser M,KSA,101.2,101.0,100.2,101.0,103.3,100.1,606.8,False,RPO
Asian Championship,Asian Championship - Shymkent 2025,10mAR_MW_ASC-Shymkent-2025.pdf,10m Air Rifle,Men,Qualification,Unknown,48,1782,GAYYPOV Kerim,TKM,102.4,99.5,98.4,99.1,101.2,102.3,602.9,False,
Asian Championship,Asian Championship - Shymkent 2025,10mAR_MW_ASC-Shymkent-2025.pdf,10m Air Rifle,Women,Qualification,Unknown,1,1039,LIU Yafei,CHN,105.1,106.8,106.1,105.6,105.8,106.0,635.4,True,Q
Asian Championship,Asian Championship - Shymkent 2025,10mAR_MW_ASC-Shymkent-2025.pdf,10m Air Rifle,Women,Qualification,Unknown,2,1500,KWON Eunji,KOR,104.3,106.2,105.8,105.9,106.3,106.6,635.1,True,Q
Asian Championship,Asian Championship - Shymkent 2025,10mAR_MW_ASC-Shymkent-2025.pdf,10m Air Rifle,Women,Qualification,Unknown,3,1041,PENG Xinlu,CHN,105.4,105.5,105.7,105.0,106.7,106.3,634.6,True,Q
Asian Championship,Asian Championship - Shymkent 2025,10mAR_MW_ASC-Shymkent-2025.pdf,10m Air Rifle,Women,Qualification,Unknown,4,1490,KEUM Jihyeon,KOR,106.1,105.5,105.9,104.4,105.6,105.9,633.4,True,Q
Asian Championship,Asian Championship - Shymkent 2025,10mAR_MW_ASC-Shymkent-2025.pdf,10m Air Rifle,Women,Qualification,Unknown,5,1121,BORSE Arya,IND,105.5,103.9,106.2,105.8,105.7,106.1,633.2,False,RPO
Asian Championship,Asian Championship - Shymkent 2025,10mAR_MW_ASC-Shymkent-2025.pdf,10m Air Rifle,Women,Qualification,Unknown,6,1049,ZHANG Liyuan,CHN,105.5,105.2,105.3,105.4,106.2,104.4,632.0,True,Q
Asian Championship,Asian Championship - Shymkent 2025,10mAR_MW_ASC-Shymkent-2025.pdf,10m Air Rifle,Women,Qualification,Unknown,7,1793,LIN Ying-Shin,TPE,105.3,106.1,105.7,104.7,105.1,104.7,631.6,True,Q
Asian Championship,Asian Championship - Shymkent 2025,10mAR_MW_ASC-Shymkent-2025.pdf,10m Air Rifle,Women,Qualification,Unknown,8,1182,VALARIVAN Elavenil,IND,104.0,105.2,105.7,104.4,106.1,105.3,630.7,True,Q
Asian Championship,Asian Championship - Shymkent 2025,10mAR_MW_ASC-Shymkent-2025.pdf,10m Air Rifle,Women,Qualification,Unknown,9,1149,MASKAR Sonam Uttam,IND,106.7,105.1,105.2,105.2,104.5,103.8,630.5,False,RPO
Asian Championship,Asian Championship - Shymkent 2025,10mAR_MW_ASC-Shymkent-2025.pdf,10m Air Rifle,Women,Qualification,Unknown,10,1133,GHOSH Mehuli,IND,103.5,105.6,105.5,105.0,105.8,104.9,630.3,True,Q
Asian Championship,Asian Championship - Shymkent 2025,10mAR_MW_ASC-Shymkent-2025.pdf,10m Air Rifle,Women,Qualification,Unknown,11,1151,NAIDU Ananya,IND,103.6,104.5,104.4,105.4,106.7,105.4,630.0,False,
Asian Championship,Asian Championship - Shymkent 2025,10mAR_MW_ASC-Shymkent-2025.pdf,10m Air Rifle,Women,Qualification,Unknown,12,1654,GANKHUYAG Nandinzaya,MGL,104.1,104.9,104.6,105.4,105.5,105.4,629.9,False,
Asian Championship,Asian Championship - Shymkent 2025,10mAR_MW_ASC-Shymkent-2025.pdf,10m Air Rifle,Women,Qualification,Unknown,13,1655,OYUNBAT Yesugen,MGL,104.1,105.4,105.7,104.4,106.1,103.7,629.4,False,
Asian Championship,Asian Championship - Shymkent 2025,10mAR_MW_ASC-Shymkent-2025.pdf,10m Air Rifle,Women,Qualification,Unknown,14,1501,KWON Yuna,KOR,103.8,104.9,103.7,105.1,106.8,104.7,629.0,False,
Asian Championship,Asian Championship - Shymkent 2025,10mAR_MW_ASC-Shymkent-2025.pdf,10m Air Rifle,Women,Qualification,Unknown,15,1319,HIRATA Shiori,JPN,104.4,104.1,104.7,105.4,104.3,105.9,628.8,False,
Asian Championship,Asian Championship - Shymkent 2025,10mAR_MW_ASC-Shymkent-2025.pdf,10m Air Rifle,Women,Qualification,Unknown,16,1797,SUNG Yu-Ting,TPE,105.2,104.6,105.5,104.5,104.1,104.8,628.7,False,
Asian Championship,Asian Championship - Shymkent 2025,10mAR_MW_ASC-Shymkent-2025.pdf,10m Air Rifle,Women,Qualification,Unknown,17,1291,KHEDMATI Najmeh,IRI,105.2,103.7,104.2,106.5,105.2,103.8,628.6,False,
Asian Championship,Asian Championship - Shymkent 2025,10mAR_MW_ASC-Shymkent-2025.pdf,10m Air Rifle,Women,Qualification,Unknown,18,1693,KHALIQ Mehr,PAK,103.2,104.1,104.2,105.1,104.8,106.5,627.9,False,
Asian Championship,Asian Championship - Shymkent 2025,10mAR_MW_ASC-Shymkent-2025.pdf,10m Air Rifle,Women,Qualification,Unknown,19,1872,PHI Thanh Thao,VIE,103.5,104.5,103.8,104.7,105.3,106.1,627.9,False,
Asian Championship,Asian Championship - Shymkent 2025,10mAR_MW_ASC-Shymkent-2025.pdf,10m Air Rifle,Women,Qualification,Unknown,20,1323,TAICHI Hinata,JPN,105.1,103.4,104.4,103.7,106.3,105.0,627.9,False,
Asian Championship,Asian Championship - Shymkent 2025,10mAR_MW_ASC-Shymkent-2025.pdf,10m Air Rifle,Women,Qualification,Unknown,21,1841,TOKHIROVA Mukhtasar,UZB,104.2,105.2,106.0,104.1,104.2,104.2,627.9,False,
Asian Championship,Asian Championship - Shymkent 2025,10mAR_MW_ASC-Shymkent-2025.pdf,10m Air Rifle,Women,Qualification,Unknown,22,1788,CHEN Chi,TPE,104.1,104.7,105.3,103.7,104.8,105.2,627.8,False,RPO
Asian Championship,Asian Championship - Shymkent 2025,10mAR_MW_ASC-Shymkent-2025.pdf,10m Air Rifle,Women,Qualification,Unknown,23,1495,KIM Jehee,KOR,104.5,103.4,104.6,105.5,105.0,104.5,627.5,False,RPO
Asian Championship,Asian Championship - Shymkent 2025,10mAR_MW_ASC-Shymkent-2025.pdf,10m Air Rifle,Women,Qualification,Unknown,24,1356,BEZRUKOVA Yelizaveta,KAZ,104.5,105.1,105.0,104.0,104.6,104.1,627.3,False,
Asian Championship,Asian Championship - Shymkent 2025,10mAR_MW_ASC-Shymkent-2025.pdf,10m Air Rifle,Women,Qualification,Unknown,25,1791,CHOU Ya-Hsuan,TPE,105.4,105.1,104.2,105.2,104.5,102.9,627.3,False,
Asian Championship,Asian Championship - Shymkent 2025,10mAR_MW_ASC-Shymkent-2025.pdf,10m Air Rifle,Women,Qualification,Unknown,26,1370,LE Alexandra,KAZ,104.5,104.8,105.6,103.9,104.6,103.8,627.2,False,
Asian Championship,Asian Championship - Shymkent 2025,10mAR_MW_ASC-Shymkent-2025.pdf,10m Air Rifle,Women,Qualification,Unknown,27,1321,NOBATA Misaki,JPN,104.4,104.1,103.7,104.0,105.9,104.9,627.0,False,
Asian Championship,Asian Championship - Shymkent 2025,10mAR_MW_ASC-Shymkent-2025.pdf,10m Air Rifle,Women,Qualification,Unknown,28,1866,LE Thi Mong Tuyen,VIE,104.3,105.1,103.7,105.0,104.1,104.8,627.0,False,
Asian Championship,Asian Championship - Shymkent 2025,10mAR_MW_ASC-Shymkent-2025.pdf,10m Air Rifle,Women,Qualification,Unknown,29,1285,AMINI POZVEH Fatemeh,IRI,103.5,106.5,104.3,104.2,103.4,104.9,626.8,False,
Asian Championship,Asian Championship - Shymkent 2025,10mAR_MW_ASC-Shymkent-2025.pdf,10m Air Rifle,Women,Qualification,Unknown,30,1503,LEE Eunseo,KOR,105.2,103.3,104.9,105.3,103.7,104.3,626.7,False,RPO
Asian Championship,Asian Championship - Shymkent 2025,10mAR_MW_ASC-Shymkent-2025.pdf,10m Air Rifle,Women,Qualification,Unknown,31,1371,MALINOVSKAYA Arina,KAZ,103.4,105.1,105.3,104.3,103.8,104.0,625.9,False,
Asian Championship,Asian Championship - Shymkent 2025,10mAR_MW_ASC-Shymkent-2025.pdf,10m Air Rifle,Women,Qualification,Unknown,32,1761,VELOSO Martina Lindsay,SGP,103.7,105.7,103.8,104.3,103.4,104.9,625.8,False,
Asian Championship,Asian Championship - Shymkent 2025,10mAR_MW_ASC-Shymkent-2025.pdf,10m Air Rifle,Women,Qualification,Unknown,33,1634,BUDRUDDIN Alia Husna Binti,MAS,103.6,105.4,103.6,104.4,104.3,104.5,625.8,False,
Asian Championship,Asian Championship - Shymkent 2025,10mAR_MW_ASC-Shymkent-2025.pdf,10m Air Rifle,Women,Qualification,Unknown,34,1756,HO Xiu Yi,SGP,103.0,105.4,103.6,104.8,104.4,104.3,625.5,False,
Asian Championship,Asian Championship - Shymkent 2025,10mAR_MW_ASC-Shymkent-2025.pdf,10m Air Rifle,Women,Qualification,Unknown,35,1288,CHEHEL AMIRANI,IRI,105.2,104.8,104.1,103.8,103.9,103.0,624.8,False,
Asian Championship,Asian Championship - Shymkent 2025,10mAR_MW_ASC-Shymkent-2025.pdf,10m Air Rifle,Women,Qualification,Unknown,36,1635,GAN Chen Jie,MAS,104.9,103.6,104.0,102.8,104.8,104.0,624.1,False,
Asian Championship,Asian Championship - Shymkent 2025,10mAR_MW_ASC-Shymkent-2025.pdf,10m Air Rifle,Women,Qualification,Unknown,37,1658,TULGABAT Zoljargal,MGL,102.6,103.6,103.2,104.8,103.7,104.6,622.5,False,
Asian Championship,Asian Championship - Shymkent 2025,10mAR_MW_ASC-Shymkent-2025.pdf,10m Air Rifle,Women,Qualification,Unknown,38,1320,HORINOUCHI Ai,JPN,101.2,104.7,105.0,104.1,102.1,104.8,621.9,False,RPO
Asian Championship,Asian Championship - Shymkent 2025,10mAR_MW_ASC-Shymkent-2025.pdf,10m Air Rifle,Women,Qualification,Unknown,39,1468,KUBANYCHBEKOVA Kanykei,KGZ,102.6,103.1,103.4,102.3,104.9,105.4,621.7,False,
Asian Championship,Asian Championship - Shymkent 2025,10mAR_MW_ASC-Shymkent-2025.pdf,10m Air Rifle,Women,Qualification,Unknown,40,1094,KUSUMAWARDANI Diaz,INA,102.2,101.8,105.0,104.0,104.9,103.1,621.0,False,
Asian Championship,Asian Championship - Shymkent 2025,10mAR_MW_ASC-Shymkent-2025.pdf,10m Air Rifle,Women,Qualification,Unknown,41,1011,ALDOSERI Safa,BRN,103.4,103.9,104.2,103.9,103.2,102.3,620.9,False,
Asian Championship,Asian Championship - Shymkent 2025,10mAR_MW_ASC-Shymkent-2025.pdf,10m Air Rifle,Women,Qualification,Unknown,42,1324,TANABE Rena,JPN,101.3,103.0,105.5,103.0,104.7,103.1,620.6,False,RPO
Asian Championship,Asian Championship - Shymkent 2025,10mAR_MW_ASC-Shymkent-2025.pdf,10m Air Rifle,Women,Qualification,Unknown,43,1677,AL TARSHI Amina,OMA,104.4,102.0,103.7,103.5,103.5,102.7,619.8,False,
Asian Championship,Asian Championship - Shymkent 2025,10mAR_MW_ASC-Shymkent-2025.pdf,10m Air Rifle,Women,Qualification,Unknown,44,1589,ARZOUQI Maryam,KUW,102.6,104.7,101.6,104.3,102.7,103.5,619.4,False,
Asian Championship,Asian Championship - Shymkent 2025,10mAR_MW_ASC-Shymkent-2025.pdf,10m Air Rifle,Women,Qualification,Unknown,45,1781,ANNAYEVA Aynur,TKM,104.5,101.7,102.3,101.1,104.0,104.2,617.8,False,
Asian Championship,Asian Championship - Shymkent 2025,10mAR_MW_ASC-Shymkent-2025.pdf,10m Air Rifle,Women,Qualification,Unknown,46,1010,ALDOSERI Noof,BRN,103.6,102.1,103.2,104.4,101.2,102.5,617.0,False,
Asian Championship,Asian Championship - Shymkent 2025,10mAR_MW_ASC-Shymkent-2025.pdf,10m Air Rifle,Women,Qualification,Unknown,47,1710,ACUNA Amparo Teresa,PHI,101.6,102.1,102.1,103.6,102.1,105.2,616.7,False,
Asian Championship,Asian Championship - Shymkent 2025,10mAR_MW_ASC-Shymkent-2025.pdf,10m Air Rifle,Women,Qualification,Unknown,48,1016,MOHAMED Fawzia,BRN,103.6,103.8,100.7,102.1,102.1,103.6,615.9,False,RPO
Asian Championship,Asian Championship - Shymkent 2025,10mAR_MW_ASC-Shymkent-2025.pdf,10m Air Rifle,Women,Qualification,Unknown,49,1871,NGUYEN PHAN Hien Khanh,VIE,102.3,98.9,102.7,103.6,103.5,103.8,614.8,False,
Asian Championship,Asian Championship - Shymkent 2025,10mAR_MW_ASC-Shymkent-2025.pdf,10m Air Rifle,Women,Qualification,Unknown,50,1008,ALAMAIRI Marwa,BRN,100.3,101.9,102.0,103.9,102.6,103.2,613.9,False,
Asian Championship,Asian Championship - Shymkent 2025,10mAR_MW_ASC-Shymkent-2025.pdf,10m Air Rifle,Women,Qualification,Unknown,51,1819,TAHLAK Yasmin,UAE,99.2,102.0,103.2,102.5,100.4,103.3,610.6,False,
Asian Championship,Asian Championship - Shymkent 2025,10mAR_MW_ASC-Shymkent-2025.pdf,10m Air Rifle,Women,Qualification,Unknown,52,1675,AL KHALILI Al Anoud,OMA,100.5,103.8,100.3,102.3,101.3,101.9,610.1,False,
Asian Championship,Asian Championship - Shymkent 2025,10mAR_MW_ASC-Shymkent-2025.pdf,10m Air Rifle,Women,Qualification,Unknown,53,1580,ALDHUBAIB Fajr Saleh,KUW,98.8,100.7,102.6,99.5,102.7,104.2,608.5,False,
Asian Championship,Asian Championship - Shymkent 2025,10mAR_MW_ASC-Shymkent-2025.pdf,10m Air Rifle,Women,Qualification,Unknown,54,1015,KHALAF Sara,BRN,100.0,99.6,104.0,99.6,101.6,101.3,606.1,False,RPO
Grand Prix,Grand Prix - 10m 2025,10mAR_MW_GP-10m-Ruse-2025.pdf,10m Air Rifle,Men,Qualification,Unknown,1,1121,RICHTER Sergey,ISR,104.5,104.9,105.2,106.7,105.6,105.6,632.5,True,Q
Grand Prix,Grand Prix - 10m 2025,10mAR_MW_GP-10m-Ruse-2025.pdf,10m Air Rifle,Men,Qualification,Unknown,2,1060,SIKAVICA Josip,CRO,105.2,105.2,105.5,105.0,105.6,105.3,631.8,True,Q
Grand Prix,Grand Prix - 10m 2025,10mAR_MW_GP-10m-Ruse-2025.pdf,10m Air Rifle,Men,Qualification,Unknown,3,1168,KOWALEWICZ Maciej,POL,104.7,106.3,104.7,104.8,105.4,104.5,630.4,True,Q
Grand Prix,Grand Prix - 10m 2025,10mAR_MW_GP-10m-Ruse-2025.pdf,10m Air Rifle,Men,Qualification,Unknown,4,1023,STREMPFL Martin,AUT,104.4,106.0,106.0,104.5,104.5,104.2,629.6,True,Q
Grand Prix,Grand Prix - 10m 2025,10mAR_MW_GP-10m-Ruse-2025.pdf,10m Air Rifle,Men,Qualification,Unknown,5,1167,CHOJNOWSKI Michal,POL,103.9,104.5,104.3,105.5,105.3,105.2,628.7,False,RPO
Grand Prix,Grand Prix - 10m 2025,10mAR_MW_GP-10m-Ruse-2025.pdf,10m Air Rifle,Men,Qualification,Unknown,6,1058,MARICIC Miran,CRO,103.7,105.2,106.1,104.3,105.1,104.3,628.7,True,Q
Grand Prix,Grand Prix - 10m 2025,10mAR_MW_GP-10m-Ruse-2025.pdf,10m Air Rifle,Men,Qualification,Unknown,7,1059,MIKULJAN Andrija,CRO,104.3,104.6,103.1,106.0,106.1,104.5,628.6,False,RPO
Grand Prix,Grand Prix - 10m 2025,10mAR_MW_GP-10m-Ruse-2025.pdf,10m Air Rifle,Men,Qualification,Unknown,8,1001,ROSSITER Jack,AUS,105.0,103.6,105.5,104.6,104.6,104.9,628.2,True,Q
Grand Prix,Grand Prix - 10m 2025,10mAR_MW_GP-10m-Ruse-2025.pdf,10m Air Rifle,Men,Qualification,Unknown,9,1022,MATHIS Thomas,AUT,106.2,104.0,103.6,104.7,104.9,104.1,627.5,True,Q
Grand Prix,Grand Prix - 10m 2025,10mAR_MW_GP-10m-Ruse-2025.pdf,10m Air Rifle,Men,Qualification,Unknown,10,1213,SOCIC Jure,SLO,105.6,103.0,105.3,103.8,105.9,103.7,627.3,True,Q
Grand Prix,Grand Prix - 10m 2025,10mAR_MW_GP-10m-Ruse-2025.pdf,10m Air Rifle,Men,Qualification,Unknown,11,1016,DIEM Patrick,AUT,105.4,105.7,104.5,104.0,102.6,104.9,627.1,False,RPO
Grand Prix,Grand Prix - 10m 2025,10mAR_MW_GP-10m-Ruse-2025.pdf,10m Air Rifle,Men,Qualification,Unknown,12,1056,GORSA Petar,CRO,105.8,105.5,104.5,103.4,104.6,102.8,626.6,False,
Grand Prix,Grand Prix - 10m 2025,10mAR_MW_GP-10m-Ruse-2025.pdf,10m Air Rifle,Men,Qualification,Unknown,13,1166,BARTNIK Tomasz,POL,104.1,105.6,102.9,103.9,105.8,104.2,626.5,False,
Grand Prix,Grand Prix - 10m 2025,10mAR_MW_GP-10m-Ruse-2025.pdf,10m Air Rifle,Men,Qualification,Unknown,14,1169,OGOREK Maciej,POL,105.3,104.5,103.3,104.0,104.4,104.3,625.8,False,
Grand Prix,Grand Prix - 10m 2025,10mAR_MW_GP-10m-Ruse-2025.pdf,10m Air Rifle,Men,Qualification,Unknown,15,1209,LUKIC Luka,SLO,103.8,103.4,104.3,104.7,104.3,104.4,624.9,False,
Grand Prix,Grand Prix - 10m 2025,10mAR_MW_GP-10m-Ruse-2025.pdf,10m Air Rifle,Men,Qualification,Unknown,16,1114,KALMAN Balint,HUN,102.7,103.9,104.3,104.4,104.8,103.8,623.9,False,
Grand Prix,Grand Prix - 10m 2025,10mAR_MW_GP-10m-Ruse-2025.pdf,10m Air Rifle,Men,Qualification,Unknown,17,1086,OVIEDO Jesus,ESP,104.5,104.2,102.6,103.2,104.4,103.5,622.4,False,
Grand Prix,Grand Prix - 10m 2025,10mAR_MW_GP-10m-Ruse-2025.pdf,10m Air Rifle,Men,Qualification,Unknown,18,1017,EINWALLER Dominic,AUT,104.3,103.1,102.9,105.2,103.5,103.2,622.2,False,RPO
Grand Prix,Grand Prix - 10m 2025,10mAR_MW_GP-10m-Ruse-2025.pdf,10m Air Rifle,Men,Qualification,Unknown,19,1156,BOZOVIC Milos,MNE,105.1,104.4,103.3,102.6,103.2,103.4,622.0,False,
Grand Prix,Grand Prix - 10m 2025,10mAR_MW_GP-10m-Ruse-2025.pdf,10m Air Rifle,Men,Qualification,Unknown,20,1147,ANGELESKI Martin,MKD,102.8,103.7,104.1,103.1,103.4,104.0,621.1,False,
Grand Prix,Grand Prix - 10m 2025,10mAR_MW_GP-10m-Ruse-2025.pdf,10m Air Rifle,Men,Qualification,Unknown,21,1035,TAPDIGLI Uzeyir,AZE,103.0,103.4,102.6,105.4,102.5,102.7,619.6,False,
Grand Prix,Grand Prix - 10m 2025,10mAR_MW_GP-10m-Ruse-2025.pdf,10m Air Rifle,Men,Qualification,Unknown,22,1133,KIM Kyungsoo,KOR,104.6,103.1,101.3,103.6,102.7,103.8,619.1,False,
Grand Prix,Grand Prix - 10m 2025,10mAR_MW_GP-10m-Ruse-2025.pdf,10m Air Rifle,Men,Qualification,Unknown,23,1043,DZANKOVIC Nedzad,BIH,101.7,103.8,101.3,103.5,103.4,103.4,617.1,False,
Grand Prix,Grand Prix - 10m 2025,10mAR_MW_GP-10m-Ruse-2025.pdf,10m Air Rifle,Men,Qualification,Unknown,24,1206,KLOPCIC Nejc,SLO,100.2,102.3,102.8,102.5,104.4,104.7,616.9,False,
Grand Prix,Grand Prix - 10m 2025,10mAR_MW_GP-10m-Ruse-2025.pdf,10m Air Rifle,Men,Qualification,Unknown,25,1045,MIMIC Abdullah,BIH,102.3,103.9,102.3,103.5,102.5,101.3,615.8,False,
Grand Prix,Grand Prix - 10m 2025,10mAR_MW_GP-10m-Ruse-2025.pdf,10m Air Rifle,Men,Qualification,Unknown,26,1019,HOELLWARTH Michael,AUT,104.6,101.0,101.0,101.8,104.6,102.6,615.6,False,
Grand Prix,Grand Prix - 10m 2025,10mAR_MW_GP-10m-Ruse-2025.pdf,10m Air Rifle,Men,Qualification,Unknown,27,1033,KHALILOV Ramiz,AZE,104.0,102.9,100.0,98.7,101.9,104.5,612.0,False,
Grand Prix,Grand Prix - 10m 2025,10mAR_MW_GP-10m-Ruse-2025.pdf,10m Air Rifle,Women,Qualification,Unknown,1,1082,MARTINON Ines,ESP,104.2,106.0,105.7,105.2,106.4,105.7,633.2,True,Q
Grand Prix,Grand Prix - 10m 2025,10mAR_MW_GP-10m-Ruse-2025.pdf,10m Air Rifle,Women,Qualification,Unknown,2,1165,PIOTROWSKA Julia Ewa,POL,104.9,105.2,105.5,104.7,105.3,105.9,631.5,True,Q
Grand Prix,Grand Prix - 10m 2025,10mAR_MW_GP-10m-Ruse-2025.pdf,10m Air Rifle,Women,Qualification,Unknown,3,1120,TASHTCHIEV Olga,ISR,107.1,104.2,103.8,105.1,105.3,105.8,631.3,True,Q
Grand Prix,Grand Prix - 10m 2025,10mAR_MW_GP-10m-Ruse-2025.pdf,10m Air Rifle,Women,Qualification,Unknown,4,1175,ILIE Laura-Georgeta,ROU,103.9,104.1,105.8,106.8,105.2,104.3,630.1,True,Q
Grand Prix,Grand Prix - 10m 2025,10mAR_MW_GP-10m-Ruse-2025.pdf,10m Air Rifle,Women,Qualification,Unknown,5,1009,HOFMANN Olivia,AUT,104.5,104.9,107.0,105.0,104.8,103.7,629.9,False,RPO
Grand Prix,Grand Prix - 10m 2025,10mAR_MW_GP-10m-Ruse-2025.pdf,10m Air Rifle,Women,Qualification,Unknown,6,1073,ZRUSTOVA Adela,CZE,105.3,106.4,104.5,105.3,103.5,104.6,629.6,True,Q
Grand Prix,Grand Prix - 10m 2025,10mAR_MW_GP-10m-Ruse-2025.pdf,10m Air Rifle,Women,Qualification,Unknown,7,1186,HRASOVEC Urska,SLO,104.7,104.6,105.6,104.5,105.3,104.6,629.3,True,Q
Grand Prix,Grand Prix - 10m 2025,10mAR_MW_GP-10m-Ruse-2025.pdf,10m Air Rifle,Women,Qualification,Unknown,8,1041,ONESCUK Farah,BIH,105.4,105.2,105.0,105.1,104.1,104.3,629.1,True,Q
Grand Prix,Grand Prix - 10m 2025,10mAR_MW_GP-10m-Ruse-2025.pdf,10m Air Rifle,Women,Qualification,Unknown,9,1162,DUDEK Izabella Kinga,POL,106.5,105.1,104.4,103.7,104.3,104.9,628.9,True,Q
Grand Prix,Grand Prix - 10m 2025,10mAR_MW_GP-10m-Ruse-2025.pdf,10m Air Rifle,Women,Qualification,Unknown,10,1070,KATZ Klaudie,CZE,104.5,103.8,105.6,105.6,105.3,103.6,628.4,False,
Grand Prix,Grand Prix - 10m 2025,10mAR_MW_GP-10m-Ruse-2025.pdf,10m Air Rifle,Women,Qualification,Unknown,11,1012,PRIBITZER Marlene,AUT,104.7,104.0,105.7,104.9,105.7,103.2,628.2,False,
Grand Prix,Grand Prix - 10m 2025,10mAR_MW_GP-10m-Ruse-2025.pdf,10m Air Rifle,Women,Qualification,Unknown,12,1191,KUHARIC Urska,SLO,103.6,105.4,105.4,105.3,104.8,102.8,627.3,False,
Grand Prix,Grand Prix - 10m 2025,10mAR_MW_GP-10m-Ruse-2025.pdf,10m Air Rifle,Women,Qualification,Unknown,13,1055,ZELJKOVIC Marta,CRO,105.6,104.6,104.1,104.1,103.4,104.8,626.6,False,
Grand Prix,Grand Prix - 10m 2025,10mAR_MW_GP-10m-Ruse-2025.pdf,10m Air Rifle,Women,Qualification,Unknown,14,1128,KIM Seohyun,KOR,103.0,104.1,104.0,105.6,104.8,104.6,626.1,False,
Grand Prix,Grand Prix - 10m 2025,10mAR_MW_GP-10m-Ruse-2025.pdf,10m Air Rifle,Women,Qualification,Unknown,15,1164,MIKOLOWSKA Julia,POL,104.0,103.9,105.6,103.7,103.2,105.1,625.5,False,RPO
Grand Prix,Grand Prix - 10m 2025,10mAR_MW_GP-10m-Ruse-2025.pdf,10m Air Rifle,Women,Qualification,Unknown,16,1052,GUSTIN SIPEK Valentina,CRO,103.9,103.3,105.3,103.5,103.5,104.8,624.3,False,
Grand Prix,Grand Prix - 10m 2025,10mAR_MW_GP-10m-Ruse-2025.pdf,10m Air Rifle,Women,Qualification,Unknown,17,1188,JEROVSEK Klavdija,SLO,103.7,104.0,103.8,104.0,103.4,105.3,624.2,False,
Grand Prix,Grand Prix - 10m 2025,10mAR_MW_GP-10m-Ruse-2025.pdf,10m Air Rifle,Women,Qualification,Unknown,18,1185,DVORSAK Ziva,SLO,103.2,104.8,103.1,104.4,104.3,104.3,624.1,False,RPO
Grand Prix,Grand Prix - 10m 2025,10mAR_MW_GP-10m-Ruse-2025.pdf,10m Air Rifle,Women,Qualification,Unknown,19,1127,KANG Dayeon,KOR,104.2,103.1,102.7,104.8,104.6,104.5,623.9,False,
Grand Prix,Grand Prix - 10m 2025,10mAR_MW_GP-10m-Ruse-2025.pdf,10m Air Rifle,Women,Qualification,Unknown,20,1163,KOCHANSKA Natalia,POL,104.4,103.2,103.8,103.5,105.0,103.6,623.5,False,
Grand Prix,Grand Prix - 10m 2025,10mAR_MW_GP-10m-Ruse-2025.pdf,10m Air Rifle,Women,Qualification,Unknown,21,1146,MOJSOVSKA Anastasija,MKD,103.8,104.0,102.5,103.8,105.5,103.8,623.4,False,
Grand Prix,Grand Prix - 10m 2025,10mAR_MW_GP-10m-Ruse-2025.pdf,10m Air Rifle,Women,Qualification,Unknown,22,1014,WAIBEL Sheileen,AUT,104.8,104.1,103.7,101.4,104.9,104.3,623.2,False,RPO
Grand Prix,Grand Prix - 10m 2025,10mAR_MW_GP-10m-Ruse-2025.pdf,10m Air Rifle,Women,Qualification,Unknown,23,1011,KOECK Rebecca,AUT,104.0,103.1,104.1,104.7,102.8,104.2,622.9,False,
Grand Prix,Grand Prix - 10m 2025,10mAR_MW_GP-10m-Ruse-2025.pdf,10m Air Rifle,Women,Qualification,Unknown,24,1064,BANJAC Tatjana,CRO,102.5,102.5,103.1,102.8,104.5,105.1,620.5,False,
Grand Prix,Grand Prix - 10m 2025,10mAR_MW_GP-10m-Ruse-2025.pdf,10m Air Rifle,Women,Qualification,Unknown,25,1010,KITZBICHLER Jasmin,AUT,97.6,105.9,103.1,104.8,103.1,104.8,619.3,False,
Grand Prix,Grand Prix - 10m 2025,10mAR_MW_GP-10m-Ruse-2025.pdf,10m Air Rifle,Women,Qualification,Unknown,26,1131,SON Yukyeong,KOR,101.0,101.9,103.8,102.8,102.1,101.9,613.5,False,
Grand Prix,Grand Prix - 10m 2025,10mAR_MW_GP-10m-Ruse-2025.pdf,10m Air Rifle,Women,Qualification,Unknown,27,1153,JUKIC Ksenija,MNE,101.2,102.7,101.8,102.7,103.6,101.5,613.5,False,
Grand Prix,Grand Prix - 10m 2025,10mAR_MW_GP-10m-Ruse-2025.pdf,10m Air Rifle,Women,Qualification,Unknown,28,1154,POPOVIC Kristina,MNE,101.1,103.8,102.1,103.0,101.4,101.8,613.2,False,
Grand Prix,Grand Prix - 10m 2025,10mAR_MW_GP-10m-Ruse-2025.pdf,10m Air Rifle,Women,Qualification,Unknown,29,1129,KIM Yujin,KOR,97.7,101.3,101.2,100.1,103.4,102.8,606.5,False,RPO
World Cup,World Cup - RP 2025,10mAR_MW_WC-RP-Munich-2025.pdf,10m Air Rifle,Men,Qualification,Unknown,1,1163,SHENG Lihao,CHN,106.2,106.2,106.1,105.4,105.9,105.5,635.3,True,Q
World Cup,World Cup - RP 2025,10mAR_MW_WC-RP-Munich-2025.pdf,10m Air Rifle,Men,Qualification,Unknown,2,1033,ROSSITER Jack,AUS,105.3,106.0,105.6,106.1,104.9,106.3,634.2,True,Q
World Cup,World Cup - RP 2025,10mAR_MW_WC-RP-Munich-2025.pdf,10m Air Rifle,Men,Qualification,Unknown,3,1878,MARSOV Ilia,AIN,105.6,104.3,105.8,105.5,105.5,106.8,633.5,True,Q
World Cup,World Cup - RP 2025,10mAR_MW_WC-RP-Munich-2025.pdf,10m Air Rifle,Men,Qualification,Unknown,4,1761,HEGG Jon-Hermann,NOR,105.4,107.1,104.6,106.1,104.7,105.1,633.0,True,Q
World Cup,World Cup - RP 2025,10mAR_MW_WC-RP-Munich-2025.pdf,10m Air Rifle,Men,Qualification,Unknown,5,1215,GORSA Petar,CRO,104.8,105.5,105.8,105.1,106.1,105.6,632.9,True,Q
World Cup,World Cup - RP 2025,10mAR_MW_WC-RP-Munich-2025.pdf,10m Air Rifle,Men,Qualification,Unknown,6,1896,RAKONJAC Aleksa,SRB,106.7,104.6,105.6,104.9,105.4,105.3,632.5,True,Q
World Cup,World Cup - RP 2025,10mAR_MW_WC-RP-Munich-2025.pdf,10m Air Rifle,Men,Qualification,Unknown,7,1507,MADDINENI Umamahesh,IND,105.1,105.1,106.4,104.4,106.0,105.3,632.3,False,RPO
World Cup,World Cup - RP 2025,10mAR_MW_WC-RP-Munich-2025.pdf,10m Air Rifle,Men,Qualification,Unknown,8,1951,LOCHBIHLER Jan,SUI,104.5,105.1,105.0,105.8,106.1,105.5,632.0,True,Q
World Cup,World Cup - RP 2025,10mAR_MW_WC-RP-Munich-2025.pdf,10m Air Rifle,Men,Qualification,Unknown,9,1963,JANY Patrik,SVK,105.1,104.8,105.6,106.5,104.7,105.1,631.8,True,Q
World Cup,World Cup - RP 2025,10mAR_MW_WC-RP-Munich-2025.pdf,10m Air Rifle,Men,Qualification,Unknown,10,1446,PENI Istvan Marton,HUN,106.0,105.6,105.0,106.7,103.8,104.6,631.7,False,
World Cup,World Cup - RP 2025,10mAR_MW_WC-RP-Munich-2025.pdf,10m Air Rifle,Men,Qualification,Unknown,11,1504,JADHAV Kiran Ankush,IND,104.8,106.6,105.5,104.9,105.9,104.0,631.7,False,
World Cup,World Cup - RP 2025,10mAR_MW_WC-RP-Munich-2025.pdf,10m Air Rifle,Men,Qualification,Unknown,12,1406,ULBRICH Maximilian,GER,104.8,105.6,105.1,105.3,105.3,105.5,631.6,False,
World Cup,World Cup - RP 2025,10mAR_MW_WC-RP-Munich-2025.pdf,10m Air Rifle,Men,Qualification,Unknown,13,1160,FANG Shengjian,CHN,105.4,106.3,106.3,105.0,103.8,104.7,631.5,False,
World Cup,World Cup - RP 2025,10mAR_MW_WC-RP-Munich-2025.pdf,10m Air Rifle,Men,Qualification,Unknown,14,1239,ENTRICHEL Ales,CZE,105.5,103.7,105.4,106.6,105.1,105.1,631.4,False,
World Cup,World Cup - RP 2025,10mAR_MW_WC-RP-Munich-2025.pdf,10m Air Rifle,Men,Qualification,Unknown,15,1470,FEBRIAN Anang,INA,104.5,105.6,105.5,104.8,105.0,105.9,631.3,False,
World Cup,World Cup - RP 2025,10mAR_MW_WC-RP-Munich-2025.pdf,10m Air Rifle,Men,Qualification,Unknown,16,1559,SOLLAZZO Danilo Dennis,ITA,105.4,104.8,104.6,105.3,105.0,106.0,631.1,False,
World Cup,World Cup - RP 2025,10mAR_MW_WC-RP-Munich-2025.pdf,10m Air Rifle,Men,Qualification,Unknown,17,1641,PARK Hajun,KOR,104.7,105.4,104.9,105.3,105.7,105.0,631.0,False,
World Cup,World Cup - RP 2025,10mAR_MW_WC-RP-Munich-2025.pdf,10m Air Rifle,Men,Qualification,Unknown,18,1201,FIORI Peter Matthew,USA,105.3,104.7,105.0,104.4,104.5,106.9,630.8,False,
World Cup,World Cup - RP 2025,10mAR_MW_WC-RP-Munich-2025.pdf,10m Air Rifle,Men,Qualification,Unknown,19,1242,NEPEJCHAL Filip,CZE,104.5,105.7,104.5,105.3,105.4,105.3,630.7,False,
World Cup,World Cup - RP 2025,10mAR_MW_WC-RP-Munich-2025.pdf,10m Air Rifle,Men,Qualification,Unknown,20,1050,STREMPFL Martin,AUT,104.7,104.1,104.6,106.2,106.0,105.1,630.7,False,
World Cup,World Cup - RP 2025,10mAR_MW_WC-RP-Munich-2025.pdf,10m Air Rifle,Men,Qualification,Unknown,21,1895,KOVACEVIC Lazar,SRB,105.0,104.7,105.4,105.3,104.7,105.5,630.6,False,
World Cup,World Cup - RP 2025,10mAR_MW_WC-RP-Munich-2025.pdf,10m Air Rifle,Men,Qualification,Unknown,22,1243,NYMBURSKY Petr,CZE,105.3,104.0,105.0,106.0,105.7,104.6,630.6,False,RPO
World Cup,World Cup - RP 2025,10mAR_MW_WC-RP-Munich-2025.pdf,10m Air Rifle,Men,Qualification,Unknown,23,1019,GUTIERREZ Marcelo Julian,ARG,104.1,105.4,104.6,105.1,105.4,105.9,630.5,False,
World Cup,World Cup - RP 2025,10mAR_MW_WC-RP-Munich-2025.pdf,10m Air Rifle,Men,Qualification,Unknown,24,1575,OKADA Naoya,JPN,105.0,106.3,104.5,105.5,104.3,104.9,630.5,False,
World Cup,World Cup - RP 2025,10mAR_MW_WC-RP-Munich-2025.pdf,10m Air Rifle,Men,Qualification,Unknown,25,1165,WANG Honghao,CHN,104.9,105.8,105.6,105.0,104.5,104.7,630.5,False,
World Cup,World Cup - RP 2025,10mAR_MW_WC-RP-Munich-2025.pdf,10m Air Rifle,Men,Qualification,Unknown,26,1346,DUTENDAS Dimitri,FRA,104.0,104.9,104.9,105.1,105.8,105.7,630.4,False,
World Cup,World Cup - RP 2025,10mAR_MW_WC-RP-Munich-2025.pdf,10m Air Rifle,Men,Qualification,Unknown,27,1204,ROE Ivan,USA,104.5,105.8,105.1,104.9,105.5,104.6,630.4,False,RPO
World Cup,World Cup - RP 2025,10mAR_MW_WC-RP-Munich-2025.pdf,10m Air Rifle,Men,Qualification,Unknown,28,1343,BAUDOUIN Brian,FRA,105.6,105.6,104.9,105.7,103.3,105.2,630.3,False,
World Cup,World Cup - RP 2025,10mAR_MW_WC-RP-Munich-2025.pdf,10m Air Rifle,Men,Qualification,Unknown,29,1454,SIDI Peter,ROU,105.6,104.9,104.4,105.4,104.3,105.6,630.2,False,
World Cup,World Cup - RP 2025,10mAR_MW_WC-RP-Munich-2025.pdf,10m Air Rifle,Women,Qualification,Unknown,1,1157,WANG Zifei,CHN,106.7,106.8,107.0,105.8,105.5,106.1,637.9,True,Q
World Cup,World Cup - RP 2025,10mAR_MW_WC-RP-Munich-2025.pdf,10m Air Rifle,Women,Qualification,Unknown,2,1498,VALARIVAN Elavenil,IND,105.8,105.2,105.7,106.3,107.2,105.7,635.9,True,Q
World Cup,World Cup - RP 2025,10mAR_MW_WC-RP-Munich-2025.pdf,10m Air Rifle,Women,Qualification,Unknown,3,1751,DUESTAD Jeanette Hegg,NOR,105.6,105.9,106.3,105.9,106.1,105.9,635.7,True,Q
World Cup,World Cup - RP 2025,10mAR_MW_WC-RP-Munich-2025.pdf,10m Air Rifle,Women,Qualification,Unknown,4,1627,KWON Eunji,KOR,105.7,106.1,106.2,106.0,106.3,105.3,635.6,True,Q
World Cup,World Cup - RP 2025,10mAR_MW_WC-RP-Munich-2025.pdf,10m Air Rifle,Women,Qualification,Unknown,5,2017,ALTUN Elif Berfin,TUR,106.3,105.6,106.0,105.8,106.2,104.7,634.6,True,Q
World Cup,World Cup - RP 2025,10mAR_MW_WC-RP-Munich-2025.pdf,10m Air Rifle,Women,Qualification,Unknown,6,1151,HAN Jiayu,CHN,104.7,105.6,105.4,106.8,106.3,105.4,634.2,True,Q
World Cup,World Cup - RP 2025,10mAR_MW_WC-RP-Munich-2025.pdf,10m Air Rifle,Women,Qualification,Unknown,7,1341,MULLER Oceanne,FRA,105.6,106.4,106.2,104.4,105.4,105.9,633.9,True,Q
World Cup,World Cup - RP 2025,10mAR_MW_WC-RP-Munich-2025.pdf,10m Air Rifle,Women,Qualification,Unknown,8,1624,BAN Hyojin,KOR,107.1,106.4,104.0,105.4,105.2,105.5,633.6,True,Q
World Cup,World Cup - RP 2025,10mAR_MW_WC-RP-Munich-2025.pdf,10m Air Rifle,Women,Qualification,Unknown,9,1886,HAVRAN Aleksandra,SRB,105.0,105.6,105.0,106.4,105.7,105.7,633.4,False,
World Cup,World Cup - RP 2025,10mAR_MW_WC-RP-Munich-2025.pdf,10m Air Rifle,Women,Qualification,Unknown,10,1383,JANSSEN Anna,GER,106.2,106.2,105.0,105.2,104.3,106.0,632.9,False,
World Cup,World Cup - RP 2025,10mAR_MW_WC-RP-Munich-2025.pdf,10m Air Rifle,Women,Qualification,Unknown,11,1756,NOR-WOLL Pernille,NOR,104.9,105.4,105.9,105.6,105.6,105.5,632.9,False,
World Cup,World Cup - RP 2025,10mAR_MW_WC-RP-Munich-2025.pdf,10m Air Rifle,Women,Qualification,Unknown,12,1149,DU Yuchen,CHN,105.4,105.6,105.4,105.5,104.9,105.8,632.6,False,
World Cup,World Cup - RP 2025,10mAR_MW_WC-RP-Munich-2025.pdf,10m Air Rifle,Women,Qualification,Unknown,13,1489,RAMITA Ramita,IND,105.5,104.7,105.8,105.9,105.1,105.6,632.6,False,RPO
World Cup,World Cup - RP 2025,10mAR_MW_WC-RP-Munich-2025.pdf,10m Air Rifle,Women,Qualification,Unknown,14,1752,EVENSEN Amalie,NOR,105.0,105.6,105.4,105.0,106.2,105.3,632.5,False,RPO
World Cup,World Cup - RP 2025,10mAR_MW_WC-RP-Munich-2025.pdf,10m Air Rifle,Women,Qualification,Unknown,15,1486,NAIDU Ananya,IND,106.7,104.7,104.4,105.7,106.4,104.5,632.4,False,
World Cup,World Cup - RP 2025,10mAR_MW_WC-RP-Munich-2025.pdf,10m Air Rifle,Women,Qualification,Unknown,16,1295,ARIAS CASALS Helena,ESP,106.1,104.9,105.2,106.2,105.7,104.3,632.4,False,
World Cup,World Cup - RP 2025,10mAR_MW_WC-RP-Munich-2025.pdf,10m Air Rifle,Women,Qualification,Unknown,17,1944,GOGNIAT Audrey,SUI,105.8,106.2,107.0,104.0,105.0,104.3,632.3,False,
World Cup,World Cup - RP 2025,10mAR_MW_WC-RP-Munich-2025.pdf,10m Air Rifle,Women,Qualification,Unknown,18,1625,KEUM Jihyeon,KOR,104.6,105.9,105.6,105.5,106.2,104.0,631.8,False,
World Cup,World Cup - RP 2025,10mAR_MW_WC-RP-Munich-2025.pdf,10m Air Rifle,Women,Qualification,Unknown,19,1816,KOCHANSKA Natalia,POL,105.4,105.3,106.6,104.4,104.4,105.2,631.3,False,RPO
World Cup,World Cup - RP 2025,10mAR_MW_WC-RP-Munich-2025.pdf,10m Air Rifle,Women,Qualification,Unknown,20,1324,PALO Marianne,FIN,106.1,104.2,105.5,106.3,105.0,104.2,631.3,False,
World Cup,World Cup - RP 2025,10mAR_MW_WC-RP-Munich-2025.pdf,10m Air Rifle,Women,Qualification,Unknown,21,1523,CHEHEL AMIRANI,IRI,105.7,104.4,106.6,105.2,105.7,103.6,631.2,False,
World Cup,World Cup - RP 2025,10mAR_MW_WC-RP-Munich-2025.pdf,10m Air Rifle,Women,Qualification,Unknown,22,1195,MADDALENA Sagen,USA,105.1,105.9,103.7,105.7,106.3,104.4,631.1,False,
World Cup,World Cup - RP 2025,10mAR_MW_WC-RP-Munich-2025.pdf,10m Air Rifle,Women,Qualification,Unknown,23,1818,PIOTROWSKA Julia Ewa,POL,106.2,104.6,105.1,105.4,105.7,104.1,631.1,False,
World Cup,World Cup - RP 2025,10mAR_MW_WC-RP-Munich-2025.pdf,10m Air Rifle,Women,Qualification,Unknown,24,1917,VELOSO Martina Lindsay,SGP,105.5,104.1,105.9,104.3,105.6,105.6,631.0,False,RPO
World Cup,World Cup - RP 2025,10mAR_MW_WC-RP-Munich-2025.pdf,10m Air Rifle,Women,Qualification,Unknown,25,1492,SAJJANAR Meghana,IND,101.3,105.5,106.2,105.4,105.8,106.7,630.9,False,RPO
World Cup,World Cup - RP 2025,10mAR_MW_WC-RP-Munich-2025.pdf,10m Air Rifle,Women,Qualification,Unknown,26,1436,DENES Eszter,HUN,104.8,104.7,106.5,105.7,104.8,104.4,630.9,False,
World Cup,World Cup - RP 2025,10mAR_MW_WC-RP-Munich-2025.pdf,10m Air Rifle,Women,Qualification,Unknown,27,1585,LE Alexandra,KAZ,105.1,106.2,105.2,104.3,103.8,105.9,630.5,False,
World Cup,World Cup - RP 2025,10mAR_MW_WC-RP-Munich-2025.pdf,10m Air Rifle,Women,Qualification,Unknown,28,1614,TALANTBEKOVA Aruuke,KGZ,105.4,105.5,106.1,104.3,104.6,104.5,630.4,False,
World Cup,World Cup - RP 2025,10mAR_MW_WC-RP-Munich-2025.pdf,10m Air Rifle,Women,Qualification,Unknown,29,1255,IBSEN Rikke Maeng,DEN,103.7,106.1,105.1,104.7,104.8,105.7,630.1,False,
World Cup,World Cup - RP 2025,10mAR_MW_WC-RP-Ningbo-2025.pdf,10m Air Rifle,Men,Qualification,Unknown,1,1079,SHENG Lihao,CHN,106.2,106.8,106.5,105.5,105.5,106.6,637.1,True,Q
World Cup,World Cup - RP 2025,10mAR_MW_WC-RP-Ningbo-2025.pdf,10m Air Rifle,Men,Qualification,Unknown,2,1301,SOLLAZZO Danilo Dennis,ITA,106.1,105.4,104.1,106.2,105.5,106.2,633.5,True,Q
World Cup,World Cup - RP 2025,10mAR_MW_WC-RP-Ningbo-2025.pdf,10m Air Rifle,Men,Qualification,Unknown,3,1019,ROSSITER Jack,AUS,106.0,106.0,105.6,104.8,104.3,106.7,633.4,True,Q
World Cup,World Cup - RP 2025,10mAR_MW_WC-RP-Ningbo-2025.pdf,10m Air Rifle,Men,Qualification,Unknown,4,1439,MARSOV Ilia,AIN,105.3,104.9,105.8,104.9,106.0,106.3,633.2,True,Q
World Cup,World Cup - RP 2025,10mAR_MW_WC-RP-Ningbo-2025.pdf,10m Air Rifle,Men,Qualification,Unknown,5,1219,PENI Istvan Marton,HUN,105.2,105.7,105.5,106.0,105.6,104.8,632.8,True,Q
World Cup,World Cup - RP 2025,10mAR_MW_WC-RP-Ningbo-2025.pdf,10m Air Rifle,Men,Qualification,Unknown,6,1343,PARK Hajun,KOR,105.3,106.4,106.1,104.7,104.3,105.7,632.5,True,Q
World Cup,World Cup - RP 2025,10mAR_MW_WC-RP-Ningbo-2025.pdf,10m Air Rifle,Men,Qualification,Unknown,7,1172,KRYZS Lucas Bernard Denis,FRA,106.3,105.7,104.1,105.1,105.3,105.9,632.4,True,Q
World Cup,World Cup - RP 2025,10mAR_MW_WC-RP-Ningbo-2025.pdf,10m Air Rifle,Men,Qualification,Unknown,8,1493,LINDGREN Victor,SWE,105.6,105.4,105.6,104.7,105.5,105.5,632.3,True,Q
World Cup,World Cup - RP 2025,10mAR_MW_WC-RP-Ningbo-2025.pdf,10m Air Rifle,Men,Qualification,Unknown,9,1340,LEE Junhwan,KOR,104.6,105.7,105.8,105.9,105.6,104.5,632.1,False,
World Cup,World Cup - RP 2025,10mAR_MW_WC-RP-Ningbo-2025.pdf,10m Air Rifle,Men,Qualification,Unknown,10,1112,PRIVRATSKY Jiri,CZE,105.7,104.8,105.0,104.9,106.1,105.2,631.7,False,
World Cup,World Cup - RP 2025,10mAR_MW_WC-RP-Ningbo-2025.pdf,10m Air Rifle,Men,Qualification,Unknown,11,1077,LI Xianhao,CHN,104.7,106.2,105.1,105.8,105.1,104.7,631.6,False,
World Cup,World Cup - RP 2025,10mAR_MW_WC-RP-Ningbo-2025.pdf,10m Air Rifle,Men,Qualification,Unknown,12,1078,LU Dingke,CHN,105.2,105.2,105.6,105.4,105.5,104.5,631.4,False,
World Cup,World Cup - RP 2025,10mAR_MW_WC-RP-Ningbo-2025.pdf,10m Air Rifle,Men,Qualification,Unknown,13,1273,NEKOUNAM,IRI,104.3,105.3,105.7,105.5,104.8,105.4,631.0,False,
World Cup,World Cup - RP 2025,10mAR_MW_WC-RP-Ningbo-2025.pdf,10m Air Rifle,Men,Qualification,Unknown,14,1130,HAMDY ABDELKADER,EGY,104.9,106.1,104.3,104.3,105.9,105.3,630.8,False,
World Cup,World Cup - RP 2025,10mAR_MW_WC-RP-Ningbo-2025.pdf,10m Air Rifle,Men,Qualification,Unknown,15,1379,OESTLI Jens,NOR,105.4,105.2,105.5,104.5,105.5,104.7,630.8,False,RPO
World Cup,World Cup - RP 2025,10mAR_MW_WC-RP-Ningbo-2025.pdf,10m Air Rifle,Men,Qualification,Unknown,16,1295,BONAZZI Edoardo,ITA,106.0,104.2,104.8,104.5,105.8,105.3,630.6,False,
World Cup,World Cup - RP 2025,10mAR_MW_WC-RP-Ningbo-2025.pdf,10m Air Rifle,Men,Qualification,Unknown,17,1467,RAKONJAC Aleksa,SRB,104.3,104.7,105.1,106.0,104.9,105.3,630.3,False,
World Cup,World Cup - RP 2025,10mAR_MW_WC-RP-Ningbo-2025.pdf,10m Air Rifle,Men,Qualification,Unknown,18,1280,RICHTER Sergey,ISR,106.8,105.5,105.6,104.4,103.9,103.9,630.1,False,
World Cup,World Cup - RP 2025,10mAR_MW_WC-RP-Ningbo-2025.pdf,10m Air Rifle,Men,Qualification,Unknown,19,1255,PANWAR Divyansh Singh,IND,104.8,104.6,104.3,105.2,105.8,105.3,630.0,False,
World Cup,World Cup - RP 2025,10mAR_MW_WC-RP-Ningbo-2025.pdf,10m Air Rifle,Men,Qualification,Unknown,20,1377,HEGG Jon-Hermann,NOR,106.1,105.6,106.0,104.3,105.1,102.9,630.0,False,
World Cup,World Cup - RP 2025,10mAR_MW_WC-RP-Ningbo-2025.pdf,10m Air Rifle,Men,Qualification,Unknown,21,1398,KOWALEWICZ Maciej,POL,104.7,105.1,104.9,106.0,104.1,105.0,629.8,False,
World Cup,World Cup - RP 2025,10mAR_MW_WC-RP-Ningbo-2025.pdf,10m Air Rifle,Men,Qualification,Unknown,22,1193,DALLINGER Maximilian,GER,104.5,106.5,105.2,103.1,105.3,105.1,629.7,False,
World Cup,World Cup - RP 2025,10mAR_MW_WC-RP-Ningbo-2025.pdf,10m Air Rifle,Men,Qualification,Unknown,23,1200,ULBRICH Maximilian,GER,104.7,105.0,104.3,104.8,104.7,106.1,629.6,False,
World Cup,World Cup - RP 2025,10mAR_MW_WC-RP-Ningbo-2025.pdf,10m Air Rifle,Men,Qualification,Unknown,24,1318,OKADA Naoya,JPN,105.5,103.6,104.7,105.3,105.3,105.0,629.4,False,
World Cup,World Cup - RP 2025,10mAR_MW_WC-RP-Ningbo-2025.pdf,10m Air Rifle,Men,Qualification,Unknown,25,1195,KOENDERS David,GER,104.1,104.7,105.8,104.9,105.6,104.3,629.4,False,
World Cup,World Cup - RP 2025,10mAR_MW_WC-RP-Ningbo-2025.pdf,10m Air Rifle,Men,Qualification,Unknown,26,1252,MANE Parth Rakesh,IND,105.4,105.5,104.7,104.4,103.9,105.4,629.3,False,RPO
World Cup,World Cup - RP 2025,10mAR_MW_WC-RP-Ningbo-2025.pdf,10m Air Rifle,Men,Qualification,Unknown,27,1378,LARSEN Henrik,NOR,104.7,104.9,104.8,105.1,105.6,104.1,629.2,False,
World Cup,World Cup - RP 2025,10mAR_MW_WC-RP-Ningbo-2025.pdf,10m Air Rifle,Men,Qualification,Unknown,28,1294,BERNARDI Michele,ITA,103.9,105.3,104.4,105.5,105.9,104.1,629.1,False,
World Cup,World Cup - RP 2025,10mAR_MW_WC-RP-Ningbo-2025.pdf,10m Air Rifle,Men,Qualification,Unknown,70,1035,SCHMIRL Alexander,AUT,104.8,103.1,103.1,103.3,101.4,104.0,619.7,False,RPO
World Cup,World Cup - RP 2025,10mAR_MW_WC-RP-Ningbo-2025.pdf,10m Air Rifle,Men,Qualification,Unknown,71,1037,THUM Andreas,AUT,103.2,103.1,103.3,103.3,103.1,103.5,619.5,False,RPO
World Cup,World Cup - RP 2025,10mAR_MW_WC-RP-Ningbo-2025.pdf,10m Air Rifle,Men,Qualification,Unknown,72,1354,ALHARBI Hussain Ghuwayli,KSA,102.2,102.0,103.2,104.3,102.9,103.2,617.8,False,
World Cup,World Cup - RP 2025,10mAR_MW_WC-RP-Ningbo-2025.pdf,10m Air Rifle,Men,Qualification,Unknown,73,1358,ALOTIBI Bader,KSA,101.8,102.3,103.5,102.5,102.3,103.5,615.9,False,
World Cup,World Cup - RP 2025,10mAR_MW_WC-RP-Ningbo-2025.pdf,10m Air Rifle,Men,Qualification,Unknown,74,1352,ALDAWSARI Mubarak,KSA,102.9,102.1,103.0,102.2,99.5,101.4,611.1,False,RPO
World Cup,World Cup - RP 2025,10mAR_MW_WC-RP-Ningbo-2025.pdf,10m Air Rifle,Men,Qualification,Unknown,75,1356,ALJUHAYDILI Abdulrahman,KSA,99.5,99.6,102.7,102.2,100.4,104.1,608.5,False,
World Cup,World Cup - RP 2025,10mAR_MW_WC-RP-Ningbo-2025.pdf,10m Air Rifle,Men,Qualification,Unknown,76,1350,ALANAZI Abdulaziz Khalid,KSA,99.9,103.1,102.5,101.7,100.5,100.8,608.5,False,RPO
World Cup,World Cup - RP 2025,10mAR_MW_WC-RP-Ningbo-2025.pdf,10m Air Rifle,Men,Qualification,Unknown,77,1501,GAYYPOV Kerim,TKM,101.5,98.9,101.2,98.5,101.9,102.2,604.2,False,
World Cup,World Cup - RP 2025,10mAR_MW_WC-RP-Ningbo-2025.pdf,10m Air Rifle,Women,Qualification,Unknown,1,1061,PENG Xinlu,CHN,106.0,106.3,106.5,106.3,105.2,107.1,637.4,True,Q
World Cup,World Cup - RP 2025,10mAR_MW_WC-RP-Ningbo-2025.pdf,10m Air Rifle,Women,Qualification,Unknown,2,1372,DUESTAD Jeanette Hegg,NOR,106.0,105.6,105.3,105.7,105.7,105.8,634.1,True,Q
World Cup,World Cup - RP 2025,10mAR_MW_WC-RP-Ningbo-2025.pdf,10m Air Rifle,Women,Qualification,Unknown,3,1065,YANG Yujie,CHN,106.4,105.9,106.4,104.9,106.1,104.2,633.9,True,Q
World Cup,World Cup - RP 2025,10mAR_MW_WC-RP-Ningbo-2025.pdf,10m Air Rifle,Women,Qualification,Unknown,4,1465,HAVRAN Aleksandra,SRB,105.1,104.9,105.7,105.7,106.5,105.5,633.4,True,Q
World Cup,World Cup - RP 2025,10mAR_MW_WC-RP-Ningbo-2025.pdf,10m Air Rifle,Women,Qualification,Unknown,5,1330,KWON Eunji,KOR,105.1,105.8,106.1,105.2,106.1,105.0,633.3,True,Q
World Cup,World Cup - RP 2025,10mAR_MW_WC-RP-Ningbo-2025.pdf,10m Air Rifle,Women,Qualification,Unknown,6,1432,VASILEVA Mariia,AIN,106.0,105.5,106.4,104.9,105.5,104.6,632.9,True,Q
World Cup,World Cup - RP 2025,10mAR_MW_WC-RP-Ningbo-2025.pdf,10m Air Rifle,Women,Qualification,Unknown,7,1237,SAJJANAR Meghana,IND,105.1,106.0,104.6,105.2,106.0,105.7,632.6,True,Q
World Cup,World Cup - RP 2025,10mAR_MW_WC-RP-Ningbo-2025.pdf,10m Air Rifle,Women,Qualification,Unknown,8,1063,WU Xinyi,CHN,106.0,105.2,105.7,104.6,104.5,106.0,632.0,False,RPO
World Cup,World Cup - RP 2025,10mAR_MW_WC-RP-Ningbo-2025.pdf,10m Air Rifle,Women,Qualification,Unknown,9,1186,JANSSEN Anna,GER,105.1,105.6,103.2,106.7,105.8,105.6,632.0,True,Q
World Cup,World Cup - RP 2025,10mAR_MW_WC-RP-Ningbo-2025.pdf,10m Air Rifle,Women,Qualification,Unknown,10,1226,GHOSH Mehuli,IND,104.7,104.6,105.6,105.3,106.2,105.4,631.8,False,RPO
World Cup,World Cup - RP 2025,10mAR_MW_WC-RP-Ningbo-2025.pdf,10m Air Rifle,Women,Qualification,Unknown,11,1310,HIRATA Shiori,JPN,105.0,104.0,106.2,105.7,105.5,105.0,631.4,False,RPO
World Cup,World Cup - RP 2025,10mAR_MW_WC-RP-Ningbo-2025.pdf,10m Air Rifle,Women,Qualification,Unknown,12,1392,GAWENDA Maja,POL,105.8,106.4,104.1,105.1,104.7,104.9,631.0,False,
World Cup,World Cup - RP 2025,10mAR_MW_WC-RP-Ningbo-2025.pdf,10m Air Rifle,Women,Qualification,Unknown,13,1373,EVENSEN Amalie,NOR,105.5,105.2,104.3,104.8,104.9,105.7,630.4,False,
World Cup,World Cup - RP 2025,10mAR_MW_WC-RP-Ningbo-2025.pdf,10m Air Rifle,Women,Qualification,Unknown,14,1313,NOBATA Misaki,JPN,104.9,105.8,105.4,106.2,103.6,104.5,630.4,False,
World Cup,World Cup - RP 2025,10mAR_MW_WC-RP-Ningbo-2025.pdf,10m Air Rifle,Women,Qualification,Unknown,15,1104,DUBSKA Barbora,CZE,105.4,104.8,104.4,104.9,104.9,105.9,630.3,False,RPO
World Cup,World Cup - RP 2025,10mAR_MW_WC-RP-Ningbo-2025.pdf,10m Air Rifle,Women,Qualification,Unknown,16,1067,YE Yutong,CHN,105.8,104.3,106.1,104.5,104.9,104.6,630.2,False,RPO
World Cup,World Cup - RP 2025,10mAR_MW_WC-RP-Ningbo-2025.pdf,10m Air Rifle,Women,Qualification,Unknown,17,1158,HERBULOT Manon,FRA,105.0,105.5,104.9,104.8,105.5,104.4,630.1,False,
World Cup,World Cup - RP 2025,10mAR_MW_WC-RP-Ningbo-2025.pdf,10m Air Rifle,Women,Qualification,Unknown,18,1289,SALAFIA Carlotta,ITA,105.3,105.8,105.4,103.7,105.1,104.7,630.0,False,
World Cup,World Cup - RP 2025,10mAR_MW_WC-RP-Ningbo-2025.pdf,10m Air Rifle,Women,Qualification,Unknown,19,1394,PIETRUK Aleksandra Anna,POL,105.2,105.2,106.6,105.8,105.0,102.1,629.9,False,RPO
World Cup,World Cup - RP 2025,10mAR_MW_WC-RP-Ningbo-2025.pdf,10m Air Rifle,Women,Qualification,Unknown,20,1395,PIOTROWSKA Julia Ewa,POL,104.4,104.6,105.7,104.6,104.4,106.1,629.8,False,
World Cup,World Cup - RP 2025,10mAR_MW_WC-RP-Ningbo-2025.pdf,10m Air Rifle,Women,Qualification,Unknown,21,1279,TASHTCHIEV Olga,ISR,104.5,105.2,104.2,104.2,106.6,105.1,629.8,False,
World Cup,World Cup - RP 2025,10mAR_MW_WC-RP-Ningbo-2025.pdf,10m Air Rifle,Women,Qualification,Unknown,22,1233,RAMITA Ramita,IND,106.0,103.4,106.5,104.3,105.7,103.9,629.8,False,
World Cup,World Cup - RP 2025,10mAR_MW_WC-RP-Ningbo-2025.pdf,10m Air Rifle,Women,Qualification,Unknown,23,1268,CHEHEL AMIRANI,IRI,105.3,105.4,104.6,105.1,104.2,105.1,629.7,False,
World Cup,World Cup - RP 2025,10mAR_MW_WC-RP-Ningbo-2025.pdf,10m Air Rifle,Women,Qualification,Unknown,24,1044,LAMBRECHTS Tessa,BEL,104.6,105.7,105.5,105.1,103.7,105.1,629.7,False,
World Cup,World Cup - RP 2025,10mAR_MW_WC-RP-Ningbo-2025.pdf,10m Air Rifle,Women,Qualification,Unknown,25,1513,TUCKER Mary Carolynn,USA,104.7,105.0,105.5,105.4,105.0,104.1,629.7,False,
World Cup,World Cup - RP 2025,10mAR_MW_WC-RP-Ningbo-2025.pdf,10m Air Rifle,Women,Qualification,Unknown,26,1286,BENETTI Sofia,ITA,105.6,106.1,104.3,104.1,105.3,104.2,629.6,False,RPO
World Cup,World Cup - RP 2025,10mAR_MW_WC-RP-Ningbo-2025.pdf,10m Air Rifle,Women,Qualification,Unknown,27,1331,KWON Yuna,KOR,103.7,105.2,106.1,104.7,105.9,103.8,629.4,False,
World Cup,World Cup - RP 2025,10mAR_MW_WC-RP-Ningbo-2025.pdf,10m Air Rifle,Women,Qualification,Unknown,28,1412,ILIE Laura-Georgeta,ROU,105.0,104.8,104.6,105.4,102.6,106.7,629.1,False,
World Cup,World Cup - RP 2025,10mAR_MW_WC-RP-Ningbo-2025.pdf,10m Air Rifle,Women,Qualification,Unknown,70,1429,PONOMAREVA Maiia,AIN,104.8,104.5,102.9,103.3,102.0,103.5,621.0,False,
World Cup,World Cup - RP 2025,10mAR_MW_WC-RP-Ningbo-2025.pdf,10m Air Rifle,Women,Qualification,Unknown,71,1028,PRIBITZER Marlene,AUT,102.5,106.2,102.8,103.4,102.6,103.3,620.8,False,
World Cup,World Cup - RP 2025,10mAR_MW_WC-RP-Ningbo-2025.pdf,10m Air Rifle,Women,Qualification,Unknown,72,1420,BULATOVA Vitaliia,AIN,103.9,102.2,103.5,103.1,104.5,102.9,620.1,False,RPO
World Cup,World Cup - RP 2025,10mAR_MW_WC-RP-Ningbo-2025.pdf,10m Air Rifle,Women,Qualification,Unknown,73,1475,STARK Franziska,SUI,100.8,102.9,103.5,104.6,103.9,104.2,619.9,False,RPO
World Cup,World Cup - RP 2025,10mAR_MW_WC-RP-Ningbo-2025.pdf,10m Air Rifle,Women,Qualification,Unknown,74,1189,WEGNER Larissa,GER,103.3,104.6,102.7,103.0,104.2,101.8,619.6,False,RPO
World Cup,World Cup - RP 2025,10mAR_MW_WC-RP-Ningbo-2025.pdf,10m Air Rifle,Women,Qualification,Unknown,75,1292,ZIVIANI Martina,ITA,102.7,102.7,102.1,102.0,102.0,103.0,614.5,False,
World Cup,World Cup - RP 2025,10mAR_MW_WC-RP-Ningbo-2025.pdf,10m Air Rifle,Women,Qualification,Unknown,76,1500,ANNAYEVA Aynur,TKM,103.0,101.7,104.0,103.9,100.0,98.7,611.3,False,
World Cup,World Cup - RPSH 2025,10mAR_MW_WC-RPSH-Buenos-Aires-2025.pdf,10m Air Rifle,Men,Qualification,Unknown,1,1359,BABUTA Arjun,IND,105.5,106.0,104.9,105.8,107.0,105.3,634.5,True,Q
World Cup,World Cup - RPSH 2025,10mAR_MW_WC-RPSH-Buenos-Aires-2025.pdf,10m Air Rifle,Men,Qualification,Unknown,2,1370,PATIL Rudrankksh Balasaheb,IND,106.0,104.9,105.9,105.6,105.7,105.6,633.7,True,Q
World Cup,World Cup - RPSH 2025,10mAR_MW_WC-RPSH-Buenos-Aires-2025.pdf,10m Air Rifle,Men,Qualification,Unknown,3,1048,ROSSITER Jack,AUS,106.9,104.5,106.0,105.1,105.0,105.9,633.4,True,Q
World Cup,World Cup - RPSH 2025,10mAR_MW_WC-RPSH-Buenos-Aires-2025.pdf,10m Air Rifle,Men,Qualification,Unknown,4,1185,SHENG Lihao,CHN,105.6,105.2,104.7,106.4,105.3,105.9,633.1,False,RPO
World Cup,World Cup - RPSH 2025,10mAR_MW_WC-RPSH-Buenos-Aires-2025.pdf,10m Air Rifle,Men,Qualification,Unknown,5,1536,MARSOV Ilia,AIN,104.9,105.2,104.9,105.1,106.2,106.4,632.7,True,Q
World Cup,World Cup - RPSH 2025,10mAR_MW_WC-RPSH-Buenos-Aires-2025.pdf,10m Air Rifle,Men,Qualification,Unknown,6,1364,JADHAV Kiran Ankush,IND,104.9,104.6,106.1,104.6,105.8,105.5,631.5,False,RPO
World Cup,World Cup - RPSH 2025,10mAR_MW_WC-RPSH-Buenos-Aires-2025.pdf,10m Air Rifle,Men,Qualification,Unknown,7,1025,GUTIERREZ Marcelo Julian,ARG,105.9,103.2,104.9,106.2,105.8,105.4,631.4,True,Q
World Cup,World Cup - RPSH 2025,10mAR_MW_WC-RPSH-Buenos-Aires-2025.pdf,10m Air Rifle,Men,Qualification,Unknown,8,1189,WANG Honghao,CHN,105.9,105.4,105.8,103.9,104.9,104.8,630.7,True,Q
World Cup,World Cup - RPSH 2025,10mAR_MW_WC-RPSH-Buenos-Aires-2025.pdf,10m Air Rifle,Men,Qualification,Unknown,9,1331,PENI Istvan Marton,HUN,105.7,105.1,104.6,106.6,104.5,103.8,630.3,True,Q
World Cup,World Cup - RPSH 2025,10mAR_MW_WC-RPSH-Buenos-Aires-2025.pdf,10m Air Rifle,Men,Qualification,Unknown,10,1621,FIORI Peter Matthew,USA,104.0,105.1,106.2,105.1,105.4,104.3,630.1,True,Q
World Cup,World Cup - RPSH 2025,10mAR_MW_WC-RPSH-Buenos-Aires-2025.pdf,10m Air Rifle,Men,Qualification,Unknown,11,1186,SONG Buhan,CHN,104.6,105.2,105.5,105.1,104.6,105.0,630.0,False,
World Cup,World Cup - RPSH 2025,10mAR_MW_WC-RPSH-Buenos-Aires-2025.pdf,10m Air Rifle,Men,Qualification,Unknown,12,1287,DALLINGER Maximilian,GER,104.5,104.9,105.1,106.1,104.6,104.6,629.8,False,
World Cup,World Cup - RPSH 2025,10mAR_MW_WC-RPSH-Buenos-Aires-2025.pdf,10m Air Rifle,Men,Qualification,Unknown,13,1295,ULBRICH Maximilian,GER,105.9,105.8,104.0,105.3,104.4,104.1,629.5,False,
World Cup,World Cup - RPSH 2025,10mAR_MW_WC-RPSH-Buenos-Aires-2025.pdf,10m Air Rifle,Men,Qualification,Unknown,14,1431,MALINOVSKIY Konstantin,KAZ,105.4,105.4,104.0,104.6,106.1,104.0,629.5,False,
World Cup,World Cup - RPSH 2025,10mAR_MW_WC-RPSH-Buenos-Aires-2025.pdf,10m Air Rifle,Men,Qualification,Unknown,15,1291,KOENDERS David,GER,103.8,105.4,104.9,105.2,105.0,105.1,629.4,False,
World Cup,World Cup - RPSH 2025,10mAR_MW_WC-RPSH-Buenos-Aires-2025.pdf,10m Air Rifle,Men,Qualification,Unknown,16,1330,PEKLER Zalan,HUN,104.6,104.8,104.8,104.5,104.1,105.8,628.6,False,
World Cup,World Cup - RPSH 2025,10mAR_MW_WC-RPSH-Buenos-Aires-2025.pdf,10m Air Rifle,Men,Qualification,Unknown,17,1558,DUERR Christoph,SUI,104.4,103.9,105.1,104.8,105.2,105.1,628.5,False,
World Cup,World Cup - RPSH 2025,10mAR_MW_WC-RPSH-Buenos-Aires-2025.pdf,10m Air Rifle,Men,Qualification,Unknown,18,1180,FANG Shengjian,CHN,105.1,103.4,105.9,104.8,104.2,105.1,628.5,False,RPO
World Cup,World Cup - RPSH 2025,10mAR_MW_WC-RPSH-Buenos-Aires-2025.pdf,10m Air Rifle,Men,Qualification,Unknown,19,1369,PANWAR Divyansh Singh,IND,102.8,103.7,105.0,104.8,104.8,106.9,628.0,False,RPO
World Cup,World Cup - RPSH 2025,10mAR_MW_WC-RPSH-Buenos-Aires-2025.pdf,10m Air Rifle,Men,Qualification,Unknown,20,1625,KISSELL Rylan William,USA,104.3,103.5,105.0,106.3,104.1,104.6,627.8,False,
World Cup,World Cup - RPSH 2025,10mAR_MW_WC-RPSH-Buenos-Aires-2025.pdf,10m Air Rifle,Men,Qualification,Unknown,21,1062,DIEM Patrick,AUT,104.1,105.3,103.5,105.6,104.1,104.9,627.5,False,RPO
World Cup,World Cup - RPSH 2025,10mAR_MW_WC-RPSH-Buenos-Aires-2025.pdf,10m Air Rifle,Men,Qualification,Unknown,22,1618,CLARK Levi Austin,USA,105.3,104.4,104.6,105.0,102.9,104.6,626.8,False,RPO
World Cup,World Cup - RPSH 2025,10mAR_MW_WC-RPSH-Buenos-Aires-2025.pdf,10m Air Rifle,Men,Qualification,Unknown,23,1065,MAIR Tobias,AUT,102.3,104.4,103.8,105.2,105.7,104.9,626.3,False,
World Cup,World Cup - RPSH 2025,10mAR_MW_WC-RPSH-Buenos-Aires-2025.pdf,10m Air Rifle,Men,Qualification,Unknown,24,1015,ALVAREZ Bruno,ARG,103.6,105.3,103.2,103.9,105.1,104.8,625.9,False,RPO
World Cup,World Cup - RPSH 2025,10mAR_MW_WC-RPSH-Buenos-Aires-2025.pdf,10m Air Rifle,Men,Qualification,Unknown,25,1198,ZHU Xiaozhong,CHN,102.8,104.4,103.5,105.3,105.0,104.7,625.7,False,
World Cup,World Cup - RPSH 2025,10mAR_MW_WC-RPSH-Buenos-Aires-2025.pdf,10m Air Rifle,Men,Qualification,Unknown,26,1067,STREMPFL Martin,AUT,104.7,102.8,104.6,103.7,105.9,103.6,625.3,False,
World Cup,World Cup - RPSH 2025,10mAR_MW_WC-RPSH-Buenos-Aires-2025.pdf,10m Air Rifle,Men,Qualification,Unknown,27,1022,EBERHARDT Alexis Exequiel,ARG,104.4,104.6,104.0,104.0,103.9,104.2,625.1,False,
World Cup,World Cup - RPSH 2025,10mAR_MW_WC-RPSH-Buenos-Aires-2025.pdf,10m Air Rifle,Men,Qualification,Unknown,28,1559,LOCHBIHLER Jan,SUI,104.6,103.9,104.6,104.2,103.9,103.8,625.0,False,
World Cup,World Cup - RPSH 2025,10mAR_MW_WC-RPSH-Buenos-Aires-2025.pdf,10m Air Rifle,Men,Qualification,Unknown,29,1363,HAZARIKA Hriday,IND,105.4,102.3,104.5,103.5,104.8,104.1,624.6,False,
World Cup,World Cup - RPSH 2025,10mAR_MW_WC-RPSH-Buenos-Aires-2025.pdf,10m Air Rifle,Men,Qualification,Unknown,30,1286,BLOS Bastian,GER,104.1,104.3,103.3,104.6,103.3,104.2,623.8,False,RPO
World Cup,World Cup - RPSH 2025,10mAR_MW_WC-RPSH-Buenos-Aires-2025.pdf,10m Air Rifle,Men,Qualification,Unknown,31,1249,GUTIERREZ Israel,ESA,105.3,103.4,104.3,104.8,104.0,102.0,623.8,False,
World Cup,World Cup - RPSH 2025,10mAR_MW_WC-RPSH-Buenos-Aires-2025.pdf,10m Air Rifle,Men,Qualification,Unknown,32,1439,SHAKHTORIN Nikita,KAZ,101.8,105.1,105.2,104.5,103.3,103.3,623.2,False,
World Cup,World Cup - RPSH 2025,10mAR_MW_WC-RPSH-Buenos-Aires-2025.pdf,10m Air Rifle,Men,Qualification,Unknown,33,1437,SATPAYEV Islam,KAZ,103.9,102.7,103.9,103.6,103.6,104.4,622.1,False,
World Cup,World Cup - RPSH 2025,10mAR_MW_WC-RPSH-Buenos-Aires-2025.pdf,10m Air Rifle,Men,Qualification,Unknown,34,1626,KOZENIESKY Lucas,USA,103.1,104.5,103.6,102.4,105.2,103.2,622.0,False,
World Cup,World Cup - RPSH 2025,10mAR_MW_WC-RPSH-Buenos-Aires-2025.pdf,10m Air Rifle,Men,Qualification,Unknown,35,1038,ZOCCALI ALBIZU Marcelo,ARG,104.8,103.5,104.6,99.4,103.7,104.4,620.4,False,
World Cup,World Cup - RPSH 2025,10mAR_MW_WC-RPSH-Buenos-Aires-2025.pdf,10m Air Rifle,Men,Qualification,Unknown,36,1021,DECICILIA Lucas,ARG,103.2,103.8,104.0,103.2,103.0,102.6,619.8,False,RPO
World Cup,World Cup - RPSH 2025,10mAR_MW_WC-RPSH-Buenos-Aires-2025.pdf,10m Air Rifle,Men,Qualification,Unknown,37,1147,VIDAL MOLINA Daniel,CHI,101.1,104.6,104.3,103.7,104.1,101.1,618.9,False,
World Cup,World Cup - RPSH 2025,10mAR_MW_WC-RPSH-Buenos-Aires-2025.pdf,10m Air Rifle,Men,Qualification,Unknown,38,1068,THUM Andreas,AUT,102.9,101.9,101.8,102.1,105.5,104.4,618.6,False,RPO
World Cup,World Cup - RPSH 2025,10mAR_MW_WC-RPSH-Buenos-Aires-2025.pdf,10m Air Rifle,Men,Qualification,Unknown,39,1066,SCHMIRL Alexander,AUT,102.8,101.5,103.1,101.5,105.3,103.5,617.7,False,
World Cup,World Cup - RPSH 2025,10mAR_MW_WC-RPSH-Buenos-Aires-2025.pdf,10m Air Rifle,Men,Qualification,Unknown,40,1321,MARQUEZ RODRIGUEZ,GUA,100.5,101.1,103.7,103.5,103.9,102.1,614.8,False,
World Cup,World Cup - RPSH 2025,10mAR_MW_WC-RPSH-Buenos-Aires-2025.pdf,10m Air Rifle,Men,Qualification,Unknown,41,1598,LAUSAROT BOBENRIETH,URU,99.5,102.9,102.5,102.6,103.0,103.3,613.8,False,
World Cup,World Cup - RPSH 2025,10mAR_MW_WC-RPSH-Buenos-Aires-2025.pdf,10m Air Rifle,Men,Qualification,Unknown,42,1219,LOPEZ GASCA Ivan Camilo,COL,102.5,102.3,101.5,101.9,103.5,101.6,613.3,False,
World Cup,World Cup - RPSH 2025,10mAR_MW_WC-RPSH-Buenos-Aires-2025.pdf,10m Air Rifle,Men,Qualification,Unknown,43,1496,ENRIQUEZ FLORES,PUR,99.9,103.3,102.5,100.9,104.4,101.9,612.9,False,
World Cup,World Cup - RPSH 2025,10mAR_MW_WC-RPSH-Buenos-Aires-2025.pdf,10m Air Rifle,Men,Qualification,Unknown,44,1322,SANDOVAL Octavio,GUA,101.2,103.9,101.3,102.6,102.5,101.3,612.8,False,
World Cup,World Cup - RPSH 2025,10mAR_MW_WC-RPSH-Buenos-Aires-2025.pdf,10m Air Rifle,Men,Qualification,Unknown,45,1499,MENDOZA Luis,PUR,102.4,103.1,102.3,101.1,101.0,102.5,612.4,False,
World Cup,World Cup - RPSH 2025,10mAR_MW_WC-RPSH-Buenos-Aires-2025.pdf,10m Air Rifle,Men,Qualification,Unknown,46,1497,LOPEZ RAMOS Eyvin Javier,PUR,100.7,100.5,100.3,101.4,102.6,102.1,607.6,False,
World Cup,World Cup - RPSH 2025,10mAR_MW_WC-RPSH-Buenos-Aires-2025.pdf,10m Air Rifle,Men,Qualification,Unknown,47,1250,SANTAMARIA FIGUEROA,ESA,99.5,101.5,100.3,101.2,101.1,98.9,602.5,False,
World Cup,World Cup - RPSH 2025,10mAR_MW_WC-RPSH-Buenos-Aires-2025.pdf,10m Air Rifle,Women,Qualification,Unknown,1,1449,KWON Eunji,KOR,106.5,106.3,106.2,106.4,105.3,106.0,636.7,True,Q
World Cup,World Cup - RPSH 2025,10mAR_MW_WC-RPSH-Buenos-Aires-2025.pdf,10m Air Rifle,Women,Qualification,Unknown,2,1164,HAN Jiayu,CHN,105.4,106.5,105.2,107.1,106.5,105.6,636.3,False,RPO
World Cup,World Cup - RPSH 2025,10mAR_MW_WC-RPSH-Buenos-Aires-2025.pdf,10m Air Rifle,Women,Qualification,Unknown,3,1174,WANG Zifei,CHN,105.6,105.4,106.2,105.9,106.0,105.9,635.0,True,Q
World Cup,World Cup - RPSH 2025,10mAR_MW_WC-RPSH-Buenos-Aires-2025.pdf,10m Air Rifle,Women,Qualification,Unknown,4,1555,GOGNIAT Audrey,SUI,105.6,105.6,105.8,105.5,106.2,106.0,634.7,True,Q
World Cup,World Cup - RPSH 2025,10mAR_MW_WC-RPSH-Buenos-Aires-2025.pdf,10m Air Rifle,Women,Qualification,Unknown,5,1162,FAN Xinyi,CHN,105.7,105.1,105.6,105.9,105.0,106.3,633.6,False,RPO
World Cup,World Cup - RPSH 2025,10mAR_MW_WC-RPSH-Buenos-Aires-2025.pdf,10m Air Rifle,Women,Qualification,Unknown,6,1347,RAJU Narmada Nithin,IND,104.7,105.3,104.9,105.6,106.9,105.4,632.8,True,Q
World Cup,World Cup - RPSH 2025,10mAR_MW_WC-RPSH-Buenos-Aires-2025.pdf,10m Air Rifle,Women,Qualification,Unknown,7,1533,VASILEVA Mariia,AIN,104.0,106.2,106.8,105.9,104.8,104.9,632.6,True,Q
World Cup,World Cup - RPSH 2025,10mAR_MW_WC-RPSH-Buenos-Aires-2025.pdf,10m Air Rifle,Women,Qualification,Unknown,8,1526,OSMANOVA Anzhelika,AIN,106.3,105.3,105.7,104.6,105.6,104.5,632.0,True,Q
World Cup,World Cup - RPSH 2025,10mAR_MW_WC-RPSH-Buenos-Aires-2025.pdf,10m Air Rifle,Women,Qualification,Unknown,9,1344,MASKAR Sonam Uttam,IND,104.2,106.1,104.5,105.3,105.9,105.6,631.6,True,Q
World Cup,World Cup - RPSH 2025,10mAR_MW_WC-RPSH-Buenos-Aires-2025.pdf,10m Air Rifle,Women,Qualification,Unknown,10,1615,TUCKER Mary Carolynn,USA,105.7,104.7,106.1,105.0,105.5,104.6,631.6,True,Q
World Cup,World Cup - RPSH 2025,10mAR_MW_WC-RPSH-Buenos-Aires-2025.pdf,10m Air Rifle,Women,Qualification,Unknown,11,1161,DU Yuchen,CHN,105.1,105.2,105.3,105.8,105.6,104.3,631.3,False,
World Cup,World Cup - RPSH 2025,10mAR_MW_WC-RPSH-Buenos-Aires-2025.pdf,10m Air Rifle,Women,Qualification,Unknown,12,1167,LIU Yafei,CHN,103.6,104.1,106.3,106.1,105.6,104.8,630.5,False,
World Cup,World Cup - RPSH 2025,10mAR_MW_WC-RPSH-Buenos-Aires-2025.pdf,10m Air Rifle,Women,Qualification,Unknown,13,1557,LEONE Chiara,SUI,105.2,106.1,105.5,105.2,104.4,103.6,630.0,False,
World Cup,World Cup - RPSH 2025,10mAR_MW_WC-RPSH-Buenos-Aires-2025.pdf,10m Air Rifle,Women,Qualification,Unknown,14,1278,MANGOLD Anita,GER,105.0,105.0,106.0,105.7,103.9,104.3,629.9,False,
World Cup,World Cup - RPSH 2025,10mAR_MW_WC-RPSH-Buenos-Aires-2025.pdf,10m Air Rifle,Women,Qualification,Unknown,15,1357,VALARIVAN Elavenil,IND,105.1,104.7,103.9,105.1,105.5,105.4,629.7,False,RPO
World Cup,World Cup - RPSH 2025,10mAR_MW_WC-RPSH-Buenos-Aires-2025.pdf,10m Air Rifle,Women,Qualification,Unknown,16,1523,KOVALENKO Valentina,AIN,105.6,104.2,104.1,105.5,106.0,104.3,629.7,False,RPO
World Cup,World Cup - RPSH 2025,10mAR_MW_WC-RPSH-Buenos-Aires-2025.pdf,10m Air Rifle,Women,Qualification,Unknown,17,1283,STEFFEN Hannah,GER,104.6,105.0,105.0,104.4,105.7,104.8,629.5,False,
World Cup,World Cup - RPSH 2025,10mAR_MW_WC-RPSH-Buenos-Aires-2025.pdf,10m Air Rifle,Women,Qualification,Unknown,18,1415,BEZRUKOVA Yelizaveta,KAZ,105.2,104.6,104.9,104.4,104.9,104.9,628.9,False,
World Cup,World Cup - RPSH 2025,10mAR_MW_WC-RPSH-Buenos-Aires-2025.pdf,10m Air Rifle,Women,Qualification,Unknown,19,1060,PRIBITZER Marlene,AUT,105.7,103.1,105.4,104.3,105.2,104.5,628.2,False,
World Cup,World Cup - RPSH 2025,10mAR_MW_WC-RPSH-Buenos-Aires-2025.pdf,10m Air Rifle,Women,Qualification,Unknown,20,1556,JAEGGI Emely,SUI,104.3,105.7,104.9,103.6,105.2,104.4,628.1,False,RPO
World Cup,World Cup - RPSH 2025,10mAR_MW_WC-RPSH-Buenos-Aires-2025.pdf,10m Air Rifle,Women,Qualification,Unknown,21,1057,HOFMANN Olivia,AUT,104.7,103.0,104.9,105.8,104.2,105.4,628.0,False,
World Cup,World Cup - RPSH 2025,10mAR_MW_WC-RPSH-Buenos-Aires-2025.pdf,10m Air Rifle,Women,Qualification,Unknown,22,1554,CHRISTEN Nina,SUI,104.1,105.8,104.1,104.0,104.3,105.6,627.9,False,
World Cup,World Cup - RPSH 2025,10mAR_MW_WC-RPSH-Buenos-Aires-2025.pdf,10m Air Rifle,Women,Qualification,Unknown,23,1612,SCHMELTZER Elizabeth,USA,103.6,104.9,104.2,105.0,105.1,104.7,627.5,False,
World Cup,World Cup - RPSH 2025,10mAR_MW_WC-RPSH-Buenos-Aires-2025.pdf,10m Air Rifle,Women,Qualification,Unknown,24,1338,BORSE Arya,IND,103.4,105.1,104.6,103.7,105.1,105.4,627.3,False,
World Cup,World Cup - RPSH 2025,10mAR_MW_WC-RPSH-Buenos-Aires-2025.pdf,10m Air Rifle,Women,Qualification,Unknown,25,1275,BUEHLMEYER Hanna,GER,103.7,104.0,104.9,105.6,105.0,104.1,627.3,False,
World Cup,World Cup - RPSH 2025,10mAR_MW_WC-RPSH-Buenos-Aires-2025.pdf,10m Air Rifle,Women,Qualification,Unknown,26,1418,LE Alexandra,KAZ,104.1,104.6,105.4,103.9,104.3,104.4,626.7,False,
World Cup,World Cup - RPSH 2025,10mAR_MW_WC-RPSH-Buenos-Aires-2025.pdf,10m Air Rifle,Women,Qualification,Unknown,27,1424,SHULZHENKO Sofiya,KAZ,104.8,103.4,103.6,105.2,104.7,104.8,626.5,False,
World Cup,World Cup - RPSH 2025,10mAR_MW_WC-RPSH-Buenos-Aires-2025.pdf,10m Air Rifle,Women,Qualification,Unknown,28,1519,BULATOVA Vitaliia,AIN,105.1,103.2,103.5,104.8,103.7,105.6,625.9,False,RPO
World Cup,World Cup - RPSH 2025,10mAR_MW_WC-RPSH-Buenos-Aires-2025.pdf,10m Air Rifle,Women,Qualification,Unknown,29,1059,KOECK Rebecca,AUT,104.4,103.8,102.5,105.4,104.6,105.0,625.7,False,RPO
World Cup,World Cup - RPSH 2025,10mAR_MW_WC-RPSH-Lima-2025.pdf,10m Air Rifle,Men,Qualification,Unknown,1,1138,SHENG Lihao,CHN,104.7,105.9,106.0,105.6,106.9,105.9,635.0,True,Q
World Cup,World Cup - RPSH 2025,10mAR_MW_WC-RPSH-Lima-2025.pdf,10m Air Rifle,Men,Qualification,Unknown,2,1440,HEGG Jon-Hermann,NOR,105.5,105.6,105.1,105.1,105.3,106.0,632.6,True,Q
World Cup,World Cup - RPSH 2025,10mAR_MW_WC-RPSH-Lima-2025.pdf,10m Air Rifle,Men,Qualification,Unknown,3,1359,PATIL Rudrankksh Balasaheb,IND,105.2,104.9,106.6,103.5,105.6,106.2,632.0,True,Q
World Cup,World Cup - RPSH 2025,10mAR_MW_WC-RPSH-Lima-2025.pdf,10m Air Rifle,Men,Qualification,Unknown,4,1348,BABUTA Arjun,IND,105.0,105.8,105.8,106.3,105.2,103.8,631.9,True,Q
World Cup,World Cup - RPSH 2025,10mAR_MW_WC-RPSH-Lima-2025.pdf,10m Air Rifle,Men,Qualification,Unknown,5,1152,ZHU Xiaozhong,CHN,104.2,106.4,105.7,105.0,105.4,105.1,631.8,False,RPO
World Cup,World Cup - RPSH 2025,10mAR_MW_WC-RPSH-Lima-2025.pdf,10m Air Rifle,Men,Qualification,Unknown,6,1548,LINDGREN Victor,SWE,105.5,105.5,104.6,106.3,105.3,104.6,631.8,True,Q
World Cup,World Cup - RPSH 2025,10mAR_MW_WC-RPSH-Lima-2025.pdf,10m Air Rifle,Men,Qualification,Unknown,7,1321,PENI Istvan Marton,HUN,105.0,104.3,105.0,106.4,106.3,104.1,631.1,True,Q
World Cup,World Cup - RPSH 2025,10mAR_MW_WC-RPSH-Lima-2025.pdf,10m Air Rifle,Men,Qualification,Unknown,8,1597,KISSELL Rylan William,USA,104.7,106.1,102.8,105.6,105.9,105.1,630.2,True,Q
World Cup,World Cup - RPSH 2025,10mAR_MW_WC-RPSH-Lima-2025.pdf,10m Air Rifle,Men,Qualification,Unknown,9,1439,HALVORSEN Ole Martin,NOR,106.0,104.5,106.1,104.1,104.4,105.0,630.1,True,Q
World Cup,World Cup - RPSH 2025,10mAR_MW_WC-RPSH-Lima-2025.pdf,10m Air Rifle,Men,Qualification,Unknown,10,1040,STREMPFL Martin,AUT,105.5,104.6,104.6,105.7,105.0,104.7,630.1,False,
World Cup,World Cup - RPSH 2025,10mAR_MW_WC-RPSH-Lima-2025.pdf,10m Air Rifle,Men,Qualification,Unknown,11,1141,WANG Honghao,CHN,104.1,105.8,104.6,105.5,104.2,105.7,629.9,False,RPO
World Cup,World Cup - RPSH 2025,10mAR_MW_WC-RPSH-Lima-2025.pdf,10m Air Rifle,Men,Qualification,Unknown,12,1353,JADHAV Kiran Ankush,IND,103.3,104.4,106.3,105.7,105.4,104.7,629.8,False,RPO
World Cup,World Cup - RPSH 2025,10mAR_MW_WC-RPSH-Lima-2025.pdf,10m Air Rifle,Men,Qualification,Unknown,13,1352,HAZARIKA Hriday,IND,105.5,104.7,104.0,105.5,105.2,104.4,629.3,False,
World Cup,World Cup - RPSH 2025,10mAR_MW_WC-RPSH-Lima-2025.pdf,10m Air Rifle,Men,Qualification,Unknown,14,1358,PANWAR Divyansh Singh,IND,104.6,104.9,105.5,105.1,104.8,104.4,629.3,False,RPO
World Cup,World Cup - RPSH 2025,10mAR_MW_WC-RPSH-Lima-2025.pdf,10m Air Rifle,Men,Qualification,Unknown,15,1265,LEPPA Aleksi,FIN,105.0,104.4,104.2,106.0,103.9,105.7,629.2,False,
World Cup,World Cup - RPSH 2025,10mAR_MW_WC-RPSH-Lima-2025.pdf,10m Air Rifle,Men,Qualification,Unknown,16,1131,FANG Shengjian,CHN,104.1,106.1,105.6,104.5,105.2,103.7,629.2,False,
World Cup,World Cup - RPSH 2025,10mAR_MW_WC-RPSH-Lima-2025.pdf,10m Air Rifle,Men,Qualification,Unknown,17,1021,ROSSITER Jack,AUS,105.5,105.0,104.6,104.9,103.7,105.1,628.8,False,
World Cup,World Cup - RPSH 2025,10mAR_MW_WC-RPSH-Lima-2025.pdf,10m Air Rifle,Men,Qualification,Unknown,18,1540,DUERR Christoph,SUI,105.3,104.1,105.2,104.9,104.7,104.1,628.3,False,
World Cup,World Cup - RPSH 2025,10mAR_MW_WC-RPSH-Lima-2025.pdf,10m Air Rifle,Men,Qualification,Unknown,19,1441,LARSEN Henrik,NOR,104.1,105.6,106.3,105.3,103.5,103.3,628.1,False,
World Cup,World Cup - RPSH 2025,10mAR_MW_WC-RPSH-Lima-2025.pdf,10m Air Rifle,Men,Qualification,Unknown,20,1008,GUTIERREZ Marcelo Julian,ARG,104.2,105.3,104.9,103.9,105.1,104.6,628.0,False,
World Cup,World Cup - RPSH 2025,10mAR_MW_WC-RPSH-Lima-2025.pdf,10m Air Rifle,Men,Qualification,Unknown,21,1542,WYRSCH Fabio Paul,SUI,104.6,105.0,104.9,103.8,104.4,104.5,627.2,False,
World Cup,World Cup - RPSH 2025,10mAR_MW_WC-RPSH-Lima-2025.pdf,10m Air Rifle,Men,Qualification,Unknown,22,1139,SONG Buhan,CHN,105.2,104.9,103.2,105.0,103.5,104.8,626.6,False,
World Cup,World Cup - RPSH 2025,10mAR_MW_WC-RPSH-Lima-2025.pdf,10m Air Rifle,Men,Qualification,Unknown,23,1418,SATPAYEV Islam,KAZ,104.3,103.8,104.3,105.1,105.1,104.0,626.6,False,
World Cup,World Cup - RPSH 2025,10mAR_MW_WC-RPSH-Lima-2025.pdf,10m Air Rifle,Men,Qualification,Unknown,24,1038,MAIR Tobias,AUT,104.4,105.1,103.9,103.4,106.4,103.3,626.5,False,
World Cup,World Cup - RPSH 2025,10mAR_MW_WC-RPSH-Lima-2025.pdf,10m Air Rifle,Men,Qualification,Unknown,25,1590,EDDY Jared Anderson,USA,105.2,104.5,102.5,104.7,104.5,105.0,626.4,False,
World Cup,World Cup - RPSH 2025,10mAR_MW_WC-RPSH-Lima-2025.pdf,10m Air Rifle,Men,Qualification,Unknown,26,1549,MADSEN Marcus,SWE,104.4,104.5,104.6,104.5,103.7,104.7,626.4,False,
World Cup,World Cup - RPSH 2025,10mAR_MW_WC-RPSH-Lima-2025.pdf,10m Air Rifle,Men,Qualification,Unknown,27,1204,PRIVRATSKY Jiri,CZE,104.8,104.3,104.2,104.5,103.8,104.6,626.2,False,
World Cup,World Cup - RPSH 2025,10mAR_MW_WC-RPSH-Lima-2025.pdf,10m Air Rifle,Men,Qualification,Unknown,28,1487,MORIN Diego Alonso,PER,104.9,102.4,104.7,105.7,102.6,105.5,625.8,False,
World Cup,World Cup - RPSH 2025,10mAR_MW_WC-RPSH-Lima-2025.pdf,10m Air Rifle,Men,Qualification,Unknown,29,1005,EBERHARDT Alexis Exequiel,ARG,104.7,104.2,104.4,103.0,104.0,105.3,625.6,False,
World Cup,World Cup - RPSH 2025,10mAR_MW_WC-RPSH-Lima-2025.pdf,10m Air Rifle,Men,Qualification,Unknown,30,1035,DIEM Patrick,AUT,102.8,104.3,103.9,104.8,105.1,104.6,625.5,False,
World Cup,World Cup - RPSH 2025,10mAR_MW_WC-RPSH-Lima-2025.pdf,10m Air Rifle,Men,Qualification,Unknown,31,1203,NYMBURSKY Petr,CZE,103.4,102.6,104.1,103.9,105.5,105.6,625.1,False,
World Cup,World Cup - RPSH 2025,10mAR_MW_WC-RPSH-Lima-2025.pdf,10m Air Rifle,Men,Qualification,Unknown,32,1239,GUTIERREZ Israel,ESA,102.7,104.6,104.5,105.3,104.6,103.4,625.1,False,
World Cup,World Cup - RPSH 2025,10mAR_MW_WC-RPSH-Lima-2025.pdf,10m Air Rifle,Men,Qualification,Unknown,33,1420,SHAKHTORIN Nikita,KAZ,105.5,103.9,103.8,104.2,104.1,103.3,624.8,False,
World Cup,World Cup - RPSH 2025,10mAR_MW_WC-RPSH-Lima-2025.pdf,10m Air Rifle,Men,Qualification,Unknown,34,1412,MALINOVSKIY Konstantin,KAZ,104.8,104.2,103.8,102.8,104.1,104.7,624.4,False,
World Cup,World Cup - RPSH 2025,10mAR_MW_WC-RPSH-Lima-2025.pdf,10m Air Rifle,Men,Qualification,Unknown,35,1593,FIORI Peter Matthew,USA,103.3,104.3,102.6,104.7,105.0,103.9,623.8,False,
World Cup,World Cup - RPSH 2025,10mAR_MW_WC-RPSH-Lima-2025.pdf,10m Air Rifle,Men,Qualification,Unknown,36,1011,ZOCCALI ALBIZU Marcelo,ARG,102.8,100.7,104.2,106.1,104.2,104.9,622.9,False,
World Cup,World Cup - RPSH 2025,10mAR_MW_WC-RPSH-Lima-2025.pdf,10m Air Rifle,Men,Qualification,Unknown,37,1589,CLARK Levi Austin,USA,103.7,103.9,103.8,105.2,103.7,102.4,622.7,False,RPO
World Cup,World Cup - RPSH 2025,10mAR_MW_WC-RPSH-Lima-2025.pdf,10m Air Rifle,Men,Qualification,Unknown,38,1039,SCHMIRL Alexander,AUT,102.1,104.1,103.8,103.6,105.7,103.0,622.3,False,RPO
World Cup,World Cup - RPSH 2025,10mAR_MW_WC-RPSH-Lima-2025.pdf,10m Air Rifle,Men,Qualification,Unknown,39,1266,SYRJAE Lauri Eemil,FIN,101.9,102.3,105.0,104.2,105.4,102.8,621.6,False,
World Cup,World Cup - RPSH 2025,10mAR_MW_WC-RPSH-Lima-2025.pdf,10m Air Rifle,Men,Qualification,Unknown,40,1298,OLIVA ARIAS Douglas Steven,GUA,104.8,102.8,106.4,101.3,104.4,101.8,621.5,False,
World Cup,World Cup - RPSH 2025,10mAR_MW_WC-RPSH-Lima-2025.pdf,10m Air Rifle,Men,Qualification,Unknown,41,1524,MENDOZA Luis,PUR,100.3,105.1,104.9,102.2,103.1,103.6,619.2,False,
World Cup,World Cup - RPSH 2025,10mAR_MW_WC-RPSH-Lima-2025.pdf,10m Air Rifle,Men,Qualification,Unknown,42,1041,THUM Andreas,AUT,101.9,104.0,103.8,102.9,101.9,103.3,617.8,False,RPO
World Cup,World Cup - RPSH 2025,10mAR_MW_WC-RPSH-Lima-2025.pdf,10m Air Rifle,Men,Qualification,Unknown,43,1297,MARQUEZ RODRIGUEZ,GUA,100.8,103.5,101.8,103.3,102.6,103.3,615.3,False,
World Cup,World Cup - RPSH 2025,10mAR_MW_WC-RPSH-Lima-2025.pdf,10m Air Rifle,Men,Qualification,Unknown,44,1294,CARDENAS Kevin,GUA,103.2,102.6,102.5,103.1,101.3,102.3,615.0,False,
World Cup,World Cup - RPSH 2025,10mAR_MW_WC-RPSH-Lima-2025.pdf,10m Air Rifle,Men,Qualification,Unknown,45,1491,SALAS Favio,PER,101.0,102.5,102.8,102.9,103.0,102.5,614.7,False,
World Cup,World Cup - RPSH 2025,10mAR_MW_WC-RPSH-Lima-2025.pdf,10m Air Rifle,Men,Qualification,Unknown,46,1480,DELGADO VALDIVIA,PER,104.2,101.9,102.6,100.3,102.2,102.9,614.1,False,RPO
World Cup,World Cup - RPSH 2025,10mAR_MW_WC-RPSH-Lima-2025.pdf,10m Air Rifle,Men,Qualification,Unknown,47,1570,LAUSAROT BOBENRIETH,URU,102.9,100.5,102.8,101.9,100.3,102.5,610.9,False,
World Cup,World Cup - RPSH 2025,10mAR_MW_WC-RPSH-Lima-2025.pdf,10m Air Rifle,Men,Qualification,Unknown,48,1493,VIZCARRA GALLEGOS,PER,102.4,100.1,102.7,101.4,102.0,102.0,610.6,False,
World Cup,World Cup - RPSH 2025,10mAR_MW_WC-RPSH-Lima-2025.pdf,10m Air Rifle,Men,Qualification,Unknown,49,1181,VELASCO CORREDOR,COL,100.2,102.4,99.2,100.9,102.8,103.3,608.8,False,
World Cup,World Cup - RPSH 2025,10mAR_MW_WC-RPSH-Lima-2025.pdf,10m Air Rifle,Men,Qualification,Unknown,50,1521,ENRIQUEZ FLORES,PUR,100.7,99.6,100.9,104.1,100.3,102.9,608.5,False,
World Cup,World Cup - RPSH 2025,10mAR_MW_WC-RPSH-Lima-2025.pdf,10m Air Rifle,Men,Qualification,Unknown,51,1504,REIS ESTEVES Nuno,POR,100.3,101.3,102.0,102.1,101.3,99.0,606.0,False,
World Cup,World Cup - RPSH 2025,10mAR_MW_WC-RPSH-Lima-2025.pdf,10m Air Rifle,Men,Qualification,Unknown,52,1522,LOPEZ RAMOS Eyvin Javier,PUR,102.8,99.4,101.7,100.8,98.9,102.1,605.7,False,
World Cup,World Cup - RPSH 2025,10mAR_MW_WC-RPSH-Lima-2025.pdf,10m Air Rifle,Men,Qualification,Unknown,53,1472,ALFARO Santiago,PER,100.9,101.0,100.4,98.1,98.8,99.7,598.9,False,RPO
World Cup,World Cup - RPSH 2025,10mAR_MW_WC-RPSH-Lima-2025.pdf,10m Air Rifle,Women,Qualification,Unknown,1,1123,WANG Zifei,CHN,105.1,105.8,106.8,106.3,105.8,106.1,635.9,True,Q
World Cup,World Cup - RPSH 2025,10mAR_MW_WC-RPSH-Lima-2025.pdf,10m Air Rifle,Women,Qualification,Unknown,2,1328,BORSE Arya,IND,106.9,106.5,106.1,103.8,105.4,105.2,633.9,True,Q
World Cup,World Cup - RPSH 2025,10mAR_MW_WC-RPSH-Lima-2025.pdf,10m Air Rifle,Women,Qualification,Unknown,3,1109,DU Yuchen,CHN,105.6,104.9,106.5,105.2,106.7,105.0,633.9,False,RPO
World Cup,World Cup - RPSH 2025,10mAR_MW_WC-RPSH-Lima-2025.pdf,10m Air Rifle,Women,Qualification,Unknown,4,1430,KWON Eunji,KOR,105.2,105.1,106.7,106.6,106.2,103.7,633.5,True,Q
World Cup,World Cup - RPSH 2025,10mAR_MW_WC-RPSH-Lima-2025.pdf,10m Air Rifle,Women,Qualification,Unknown,5,1116,LIU Yafei,CHN,105.8,105.4,105.9,106.5,104.4,105.2,633.2,False,RPO
World Cup,World Cup - RPSH 2025,10mAR_MW_WC-RPSH-Lima-2025.pdf,10m Air Rifle,Women,Qualification,Unknown,6,1112,HAN Jiayu,CHN,103.8,106.4,105.0,105.9,106.0,105.7,632.8,True,Q
World Cup,World Cup - RPSH 2025,10mAR_MW_WC-RPSH-Lima-2025.pdf,10m Air Rifle,Women,Qualification,Unknown,7,1436,DUESTAD Jeanette Hegg,NOR,105.6,104.0,106.3,105.2,105.0,106.5,632.6,True,Q
World Cup,World Cup - RPSH 2025,10mAR_MW_WC-RPSH-Lima-2025.pdf,10m Air Rifle,Women,Qualification,Unknown,8,1110,FAN Xinyi,CHN,105.2,105.8,104.5,105.6,105.5,105.3,631.9,True,Q
World Cup,World Cup - RPSH 2025,10mAR_MW_WC-RPSH-Lima-2025.pdf,10m Air Rifle,Women,Qualification,Unknown,9,1396,BEZRUKOVA Yelizaveta,KAZ,105.5,106.5,105.7,103.6,105.1,105.0,631.4,True,Q
World Cup,World Cup - RPSH 2025,10mAR_MW_WC-RPSH-Lima-2025.pdf,10m Air Rifle,Women,Qualification,Unknown,10,1584,TUCKER Mary Carolynn,USA,105.6,103.9,105.4,104.6,106.2,105.0,630.7,True,Q
World Cup,World Cup - RPSH 2025,10mAR_MW_WC-RPSH-Lima-2025.pdf,10m Air Rifle,Women,Qualification,Unknown,11,1588,ZAUN Katie Lorraine,USA,106.1,104.1,105.7,105.0,104.9,104.3,630.1,False,RPO
World Cup,World Cup - RPSH 2025,10mAR_MW_WC-RPSH-Lima-2025.pdf,10m Air Rifle,Women,Qualification,Unknown,12,1537,CHRISTEN Nina,SUI,104.8,105.5,104.5,104.5,106.4,104.3,630.0,False,
World Cup,World Cup - RPSH 2025,10mAR_MW_WC-RPSH-Lima-2025.pdf,10m Air Rifle,Women,Qualification,Unknown,13,1437,EVENSEN Amalie,NOR,103.4,103.9,106.0,105.5,105.5,105.4,629.7,False,
World Cup,World Cup - RPSH 2025,10mAR_MW_WC-RPSH-Lima-2025.pdf,10m Air Rifle,Women,Qualification,Unknown,14,1247,MARTINON Ines,ESP,105.2,105.1,105.1,104.2,104.9,103.7,628.2,False,
World Cup,World Cup - RPSH 2025,10mAR_MW_WC-RPSH-Lima-2025.pdf,10m Air Rifle,Women,Qualification,Unknown,15,1034,WAIBEL Sheileen,AUT,104.2,105.4,104.6,105.0,103.5,105.4,628.1,False,
World Cup,World Cup - RPSH 2025,10mAR_MW_WC-RPSH-Lima-2025.pdf,10m Air Rifle,Women,Qualification,Unknown,16,1337,RAJU Narmada Nithin,IND,104.7,103.7,104.4,105.1,105.1,104.6,627.6,False,
World Cup,World Cup - RPSH 2025,10mAR_MW_WC-RPSH-Lima-2025.pdf,10m Air Rifle,Women,Qualification,Unknown,17,1399,LE Alexandra,KAZ,104.4,104.2,104.3,104.8,104.5,105.3,627.5,False,
World Cup,World Cup - RPSH 2025,10mAR_MW_WC-RPSH-Lima-2025.pdf,10m Air Rifle,Women,Qualification,Unknown,18,1580,MADDALENA Sagen,USA,103.6,105.1,104.1,103.9,105.1,105.5,627.3,False,
World Cup,World Cup - RPSH 2025,10mAR_MW_WC-RPSH-Lima-2025.pdf,10m Air Rifle,Women,Qualification,Unknown,19,1200,BLAZICKOVA Veronika,CZE,103.9,105.2,104.8,103.9,105.3,104.2,627.3,False,
World Cup,World Cup - RPSH 2025,10mAR_MW_WC-RPSH-Lima-2025.pdf,10m Air Rifle,Women,Qualification,Unknown,20,1538,LEONE Chiara,SUI,103.4,104.2,103.7,105.2,105.1,105.3,626.9,False,
World Cup,World Cup - RPSH 2025,10mAR_MW_WC-RPSH-Lima-2025.pdf,10m Air Rifle,Women,Qualification,Unknown,21,1031,KITZBICHLER Jasmin,AUT,105.6,104.3,104.5,104.0,105.0,103.2,626.6,False,RPO
World Cup,World Cup - RPSH 2025,10mAR_MW_WC-RPSH-Lima-2025.pdf,10m Air Rifle,Women,Qualification,Unknown,22,1033,PRIBITZER Marlene,AUT,103.0,105.6,104.5,104.1,104.8,104.5,626.5,False,
World Cup,World Cup - RPSH 2025,10mAR_MW_WC-RPSH-Lima-2025.pdf,10m Air Rifle,Women,Qualification,Unknown,23,1211,GRUNDSOEE Stephanie,DEN,105.0,104.6,102.7,104.4,104.2,105.2,626.1,False,
World Cup,World Cup - RPSH 2025,10mAR_MW_WC-RPSH-Lima-2025.pdf,10m Air Rifle,Women,Qualification,Unknown,24,1395,ALTUKHOVA Arina,KAZ,103.2,102.3,104.2,104.5,105.7,104.2,624.1,False,RPO
World Cup,World Cup - RPSH 2025,10mAR_MW_WC-RPSH-Lima-2025.pdf,10m Air Rifle,Women,Qualification,Unknown,25,1032,KOECK Rebecca,AUT,104.0,102.6,103.9,104.5,104.3,104.5,623.8,False,RPO
World Cup,World Cup - RPSH 2025,10mAR_MW_WC-RPSH-Lima-2025.pdf,10m Air Rifle,Women,Qualification,Unknown,26,1458,ARENAS PAREDES Alexia,PER,100.9,103.9,103.9,105.3,104.4,105.2,623.6,False,
World Cup,World Cup - RPSH 2025,10mAR_MW_WC-RPSH-Lima-2025.pdf,10m Air Rifle,Women,Qualification,Unknown,27,1245,ARIAS CASALS Helena,ESP,102.0,105.3,105.1,103.5,103.9,103.8,623.6,False,
World Cup,World Cup - RPSH 2025,10mAR_MW_WC-RPSH-Lima-2025.pdf,10m Air Rifle,Women,Qualification,Unknown,28,1587,WEISZ Alison,USA,103.5,104.3,104.8,102.8,103.3,104.8,623.5,False,
World Cup,World Cup - RPSH 2025,10mAR_MW_WC-RPSH-Lima-2025.pdf,10m Air Rifle,Women,Qualification,Unknown,29,1539,ZUEGER Muriel,SUI,104.8,103.0,103.3,104.5,103.8,104.1,623.5,False,
